-- phpMyAdmin SQL Dump
-- version 4.7.0
-- https://www.phpmyadmin.net/
--
-- Host: 127.0.0.1
-- Generation Time: Oct 14, 2017 at 01:09 PM
-- Server version: 10.1.25-MariaDB
-- PHP Version: 5.6.31

SET SQL_MODE = "NO_AUTO_VALUE_ON_ZERO";
SET AUTOCOMMIT = 0;
START TRANSACTION;
SET time_zone = "+00:00";


/*!40101 SET @OLD_CHARACTER_SET_CLIENT=@@CHARACTER_SET_CLIENT */;
/*!40101 SET @OLD_CHARACTER_SET_RESULTS=@@CHARACTER_SET_RESULTS */;
/*!40101 SET @OLD_COLLATION_CONNECTION=@@COLLATION_CONNECTION */;
/*!40101 SET NAMES utf8mb4 */;

--
-- Database: `saytanar1`
--

-- --------------------------------------------------------

--
-- Table structure for table `categories`
--

CREATE TABLE `categories` (
  `id` int(10) UNSIGNED NOT NULL,
  `name` varchar(191) COLLATE utf8mb4_unicode_ci NOT NULL,
  `created_at` timestamp NULL DEFAULT NULL,
  `updated_at` timestamp NULL DEFAULT NULL
) ENGINE=InnoDB DEFAULT CHARSET=utf8mb4 COLLATE=utf8mb4_unicode_ci;

--
-- Dumping data for table `categories`
--

INSERT INTO `categories` (`id`, `name`, `created_at`, `updated_at`) VALUES
(2, 'Car Gas', '2017-09-19 04:47:36', '2017-09-19 05:06:07'),
(3, 'Stuff Fee', '2017-09-19 05:06:17', '2017-09-19 05:06:26'),
(4, 'Home', '2017-09-19 05:06:38', '2017-09-19 05:06:38'),
(5, 'Daily Useage', '2017-09-19 05:08:00', '2017-09-19 05:08:00'),
(6, 'tra', '2017-10-03 11:46:36', '2017-10-03 11:46:36');

-- --------------------------------------------------------

--
-- Table structure for table `credits`
--

CREATE TABLE `credits` (
  `id` int(10) UNSIGNED NOT NULL,
  `customer_id` int(11) NOT NULL,
  `amount` int(11) NOT NULL,
  `is_payback` tinyint(1) NOT NULL DEFAULT '0',
  `remark` varchar(191) COLLATE utf8mb4_unicode_ci NOT NULL,
  `created_at` timestamp NULL DEFAULT NULL,
  `updated_at` timestamp NULL DEFAULT NULL
) ENGINE=InnoDB DEFAULT CHARSET=utf8mb4 COLLATE=utf8mb4_unicode_ci;

--
-- Dumping data for table `credits`
--

INSERT INTO `credits` (`id`, `customer_id`, `amount`, `is_payback`, `remark`, `created_at`, `updated_at`) VALUES
(4, 1, 100000, 0, 'Credit in 0123456789', '2017-10-07 11:22:58', '2017-10-07 11:22:58'),
(5, 1, 50000, 1, 'Payback', '2017-10-07 11:25:55', '2017-10-07 11:25:55'),
(6, 1, 25000, 1, 'Payback', '2017-10-07 11:26:15', '2017-10-07 11:26:15'),
(7, 1, 25000, 1, 'Payback', '2017-10-07 11:26:22', '2017-10-07 11:26:22');

-- --------------------------------------------------------

--
-- Table structure for table `customers`
--

CREATE TABLE `customers` (
  `id` int(10) UNSIGNED NOT NULL,
  `name` varchar(191) COLLATE utf8mb4_unicode_ci NOT NULL,
  `phone` varchar(191) COLLATE utf8mb4_unicode_ci NOT NULL,
  `address` varchar(191) COLLATE utf8mb4_unicode_ci NOT NULL,
  `created_at` timestamp NULL DEFAULT NULL,
  `updated_at` timestamp NULL DEFAULT NULL
) ENGINE=InnoDB DEFAULT CHARSET=utf8mb4 COLLATE=utf8mb4_unicode_ci;

--
-- Dumping data for table `customers`
--

INSERT INTO `customers` (`id`, `name`, `phone`, `address`, `created_at`, `updated_at`) VALUES
(1, 'Wai Yan', '099221311', 'Yangon', '2017-10-07 10:30:23', '2017-10-07 10:30:23');

-- --------------------------------------------------------

--
-- Table structure for table `expenses`
--

CREATE TABLE `expenses` (
  `id` int(10) UNSIGNED NOT NULL,
  `category_id` int(11) NOT NULL,
  `amount` int(11) NOT NULL,
  `created_at` timestamp NULL DEFAULT NULL,
  `updated_at` timestamp NULL DEFAULT NULL
) ENGINE=InnoDB DEFAULT CHARSET=utf8mb4 COLLATE=utf8mb4_unicode_ci;

-- --------------------------------------------------------

--
-- Table structure for table `inventories`
--

CREATE TABLE `inventories` (
  `id` int(10) UNSIGNED NOT NULL,
  `item_id` int(11) NOT NULL,
  `in_out_qty` int(11) NOT NULL,
  `remark` varchar(191) COLLATE utf8mb4_unicode_ci NOT NULL,
  `created_at` timestamp NULL DEFAULT NULL,
  `updated_at` timestamp NULL DEFAULT NULL
) ENGINE=InnoDB DEFAULT CHARSET=utf8mb4 COLLATE=utf8mb4_unicode_ci;

--
-- Dumping data for table `inventories`
--

INSERT INTO `inventories` (`id`, `item_id`, `in_out_qty`, `remark`, `created_at`, `updated_at`) VALUES
(1, 88, -1, 'Manual Edit of Quantity', '2017-10-07 04:05:58', '2017-10-07 04:05:58'),
(5, 6, -1, 'Sale in 0123456789', '2017-10-07 11:22:58', '2017-10-07 11:22:58'),
(6, 7, -1, 'Sale in 0123456789', '2017-10-07 11:22:58', '2017-10-07 11:22:58'),
(7, 8, -1, 'Sale in 0123456789', '2017-10-07 11:22:58', '2017-10-07 11:22:58'),
(8, 9, -1, 'Sale in 0123456789', '2017-10-07 11:22:58', '2017-10-07 11:22:58'),
(9, 10, -1, 'Sale in 0123456789', '2017-10-07 11:22:58', '2017-10-07 11:22:58'),
(10, 11, -1, 'Sale in 0123456789', '2017-10-07 11:22:58', '2017-10-07 11:22:58'),
(11, 16, -1, 'Sale in 0123456789', '2017-10-07 11:22:58', '2017-10-07 11:22:58'),
(12, 58, -1, 'Sale in 0123456789', '2017-10-07 11:22:58', '2017-10-07 11:22:58'),
(13, 57, -1, 'Sale in 0123456789', '2017-10-07 11:22:58', '2017-10-07 11:22:58'),
(14, 56, -1, 'Sale in 0123456789', '2017-10-07 11:22:58', '2017-10-07 11:22:58'),
(15, 55, -1, 'Sale in 0123456789', '2017-10-07 11:22:58', '2017-10-07 11:22:58'),
(16, 54, -1, 'Sale in 0123456789', '2017-10-07 11:22:58', '2017-10-07 11:22:58'),
(20, 6, 1, 'Delete in 0123456789', '2017-10-07 12:34:25', '2017-10-07 12:34:25'),
(21, 7, 1, 'Delete in 0123456789', '2017-10-07 12:34:25', '2017-10-07 12:34:25'),
(22, 8, 1, 'Delete in 0123456789', '2017-10-07 12:34:25', '2017-10-07 12:34:25'),
(23, 9, 1, 'Delete in 0123456789', '2017-10-07 12:34:25', '2017-10-07 12:34:25'),
(24, 10, 1, 'Delete in 0123456789', '2017-10-07 12:34:25', '2017-10-07 12:34:25'),
(25, 11, 1, 'Delete in 0123456789', '2017-10-07 12:34:25', '2017-10-07 12:34:25'),
(26, 16, 1, 'Delete in 0123456789', '2017-10-07 12:34:25', '2017-10-07 12:34:25'),
(27, 58, 1, 'Delete in 0123456789', '2017-10-07 12:34:26', '2017-10-07 12:34:26'),
(28, 57, 1, 'Delete in 0123456789', '2017-10-07 12:34:26', '2017-10-07 12:34:26'),
(29, 56, 1, 'Delete in 0123456789', '2017-10-07 12:34:26', '2017-10-07 12:34:26'),
(30, 55, 1, 'Delete in 0123456789', '2017-10-07 12:34:26', '2017-10-07 12:34:26'),
(31, 54, 1, 'Delete in 0123456789', '2017-10-07 12:34:26', '2017-10-07 12:34:26'),
(32, 217, 19, 'Manual Create of Quantity', '2017-10-07 12:36:44', '2017-10-07 12:36:44'),
(33, 218, 15, 'Manual Create of Quantity', '2017-10-07 12:37:21', '2017-10-07 12:37:21'),
(34, 219, 10, 'Manual Create of Quantity', '2017-10-07 12:38:41', '2017-10-07 12:38:41'),
(35, 220, 2, 'Manual Create of Quantity', '2017-10-07 12:39:13', '2017-10-07 12:39:13'),
(36, 221, 14, 'Manual Create of Quantity', '2017-10-07 12:47:10', '2017-10-07 12:47:10'),
(37, 222, 19, 'Manual Create of Quantity', '2017-10-07 12:49:27', '2017-10-07 12:49:27'),
(38, 223, 6, 'Manual Create of Quantity', '2017-10-07 12:52:11', '2017-10-07 12:52:11'),
(39, 224, 11, 'Manual Create of Quantity', '2017-10-07 12:53:13', '2017-10-07 12:53:13'),
(40, 225, 13, 'Manual Create of Quantity', '2017-10-07 12:54:32', '2017-10-07 12:54:32'),
(41, 132, -598, 'Manual Edit of Quantity', '2017-10-07 13:01:44', '2017-10-07 13:01:44'),
(42, 133, -8, 'Manual Edit of Quantity', '2017-10-07 13:05:20', '2017-10-07 13:05:20'),
(43, 226, 13, 'Manual Create of Quantity', '2017-10-07 13:08:42', '2017-10-07 13:08:42'),
(44, 193, -1, 'Manual Edit of Quantity', '2017-10-07 13:12:12', '2017-10-07 13:12:12'),
(45, 121, -6, 'Manual Edit of Quantity', '2017-10-08 06:41:36', '2017-10-08 06:41:36'),
(46, 123, 10, 'Manual Edit of Quantity', '2017-10-08 06:43:49', '2017-10-08 06:43:49'),
(47, 100, -18, 'Manual Edit of Quantity', '2017-10-08 06:47:02', '2017-10-08 06:47:02'),
(48, 101, -8, 'Manual Edit of Quantity', '2017-10-08 06:47:38', '2017-10-08 06:47:38'),
(49, 102, 33, 'Manual Edit of Quantity', '2017-10-08 06:48:18', '2017-10-08 06:48:18'),
(50, 103, -2, 'Manual Edit of Quantity', '2017-10-08 06:49:33', '2017-10-08 06:49:33'),
(51, 104, -90, 'Manual Edit of Quantity', '2017-10-08 06:50:04', '2017-10-08 06:50:04'),
(52, 94, -21, 'Manual Edit of Quantity', '2017-10-08 06:59:49', '2017-10-08 06:59:49'),
(53, 95, 13, 'Manual Edit of Quantity', '2017-10-08 07:00:48', '2017-10-08 07:00:48'),
(54, 96, -16, 'Manual Edit of Quantity', '2017-10-08 07:01:32', '2017-10-08 07:01:32'),
(55, 97, -4, 'Manual Edit of Quantity', '2017-10-08 07:02:11', '2017-10-08 07:02:11'),
(56, 98, -10, 'Manual Edit of Quantity', '2017-10-08 07:03:11', '2017-10-08 07:03:11'),
(57, 67, 5, 'Manual Edit of Quantity', '2017-10-08 08:19:00', '2017-10-08 08:19:00'),
(58, 68, 3, 'Manual Edit of Quantity', '2017-10-08 08:19:35', '2017-10-08 08:19:35'),
(59, 66, 6, 'Manual Edit of Quantity', '2017-10-08 08:20:23', '2017-10-08 08:20:23'),
(60, 65, 10, 'Manual Edit of Quantity', '2017-10-08 08:23:15', '2017-10-08 08:23:15'),
(61, 63, 30, 'Manual Edit of Quantity', '2017-10-08 08:24:22', '2017-10-08 08:24:22'),
(62, 62, 50, 'Manual Edit of Quantity', '2017-10-08 08:25:02', '2017-10-08 08:25:02'),
(63, 61, 20, 'Manual Edit of Quantity', '2017-10-08 08:25:31', '2017-10-08 08:25:31'),
(64, 206, 50, 'Manual Edit of Quantity', '2017-10-08 08:27:17', '2017-10-08 08:27:17'),
(65, 207, 100, 'Manual Edit of Quantity', '2017-10-08 08:28:02', '2017-10-08 08:28:02'),
(66, 208, 50, 'Manual Edit of Quantity', '2017-10-08 08:29:44', '2017-10-08 08:29:44'),
(67, 75, 10, 'Manual Edit of Quantity', '2017-10-08 08:31:31', '2017-10-08 08:31:31'),
(68, 77, 10, 'Manual Edit of Quantity', '2017-10-08 08:32:37', '2017-10-08 08:32:37'),
(69, 78, 5, 'Manual Edit of Quantity', '2017-10-08 08:33:07', '2017-10-08 08:33:07'),
(70, 81, 20, 'Manual Edit of Quantity', '2017-10-08 08:35:20', '2017-10-08 08:35:20'),
(71, 87, 50, 'Manual Edit of Quantity', '2017-10-08 08:39:32', '2017-10-08 08:39:32'),
(72, 88, 50, 'Manual Edit of Quantity', '2017-10-08 08:40:15', '2017-10-08 08:40:15'),
(73, 100, 20, 'Manual Edit of Quantity', '2017-10-08 08:43:34', '2017-10-08 08:43:34'),
(74, 101, 20, 'Manual Edit of Quantity', '2017-10-08 08:44:17', '2017-10-08 08:44:17'),
(75, 102, 30, 'Manual Edit of Quantity', '2017-10-08 08:50:53', '2017-10-08 08:50:53'),
(76, 88, -1, 'Manual Edit of Quantity', '2017-10-08 08:51:53', '2017-10-08 08:51:53'),
(77, 108, 30, 'Manual Edit of Quantity', '2017-10-08 08:54:27', '2017-10-08 08:54:27'),
(78, 134, 10, 'Manual Edit of Quantity', '2017-10-08 08:59:08', '2017-10-08 08:59:08'),
(79, 135, 7, 'Manual Edit of Quantity', '2017-10-08 09:00:04', '2017-10-08 09:00:04'),
(80, 136, -91, 'Manual Edit of Quantity', '2017-10-08 09:00:42', '2017-10-08 09:00:42'),
(81, 157, 15, 'Manual Edit of Quantity', '2017-10-08 09:03:36', '2017-10-08 09:03:36'),
(82, 158, 17, 'Manual Edit of Quantity', '2017-10-08 09:05:14', '2017-10-08 09:05:14'),
(83, 159, 24, 'Manual Edit of Quantity', '2017-10-08 09:06:03', '2017-10-08 09:06:03'),
(84, 154, 9, 'Manual Edit of Quantity', '2017-10-08 09:07:25', '2017-10-08 09:07:25'),
(85, 155, 19, 'Manual Edit of Quantity', '2017-10-08 09:07:56', '2017-10-08 09:07:56'),
(86, 156, -6, 'Manual Edit of Quantity', '2017-10-08 09:08:28', '2017-10-08 09:08:28'),
(87, 137, 8, 'Manual Edit of Quantity', '2017-10-08 09:09:24', '2017-10-08 09:09:24'),
(88, 138, 10, 'Manual Edit of Quantity', '2017-10-08 09:09:51', '2017-10-08 09:09:51'),
(89, 139, 6, 'Manual Edit of Quantity', '2017-10-08 09:10:21', '2017-10-08 09:10:21'),
(90, 172, 12, 'Manual Edit of Quantity', '2017-10-08 09:13:42', '2017-10-08 09:13:42'),
(91, 175, 1, 'Manual Edit of Quantity', '2017-10-08 09:14:43', '2017-10-08 09:14:43'),
(92, 174, 11, 'Manual Edit of Quantity', '2017-10-08 09:16:09', '2017-10-08 09:16:09'),
(93, 176, -26, 'Manual Edit of Quantity', '2017-10-08 09:17:45', '2017-10-08 09:17:45'),
(94, 177, -7, 'Manual Edit of Quantity', '2017-10-08 09:18:21', '2017-10-08 09:18:21'),
(95, 178, -8, 'Manual Edit of Quantity', '2017-10-08 09:20:17', '2017-10-08 09:20:17'),
(96, 180, 17, 'Manual Edit of Quantity', '2017-10-08 09:20:54', '2017-10-08 09:20:54'),
(97, 179, 17, 'Manual Edit of Quantity', '2017-10-08 09:22:04', '2017-10-08 09:22:04'),
(98, 180, -19, 'Manual Edit of Quantity', '2017-10-08 09:22:37', '2017-10-08 09:22:37'),
(99, 181, -4, 'Manual Edit of Quantity', '2017-10-08 09:23:20', '2017-10-08 09:23:20'),
(100, 183, -7, 'Manual Edit of Quantity', '2017-10-08 09:24:20', '2017-10-08 09:24:20'),
(101, 184, 390, 'Manual Edit of Quantity', '2017-10-08 09:24:48', '2017-10-08 09:24:48'),
(102, 185, -8, 'Manual Edit of Quantity', '2017-10-08 09:25:47', '2017-10-08 09:25:47'),
(103, 186, -5, 'Manual Edit of Quantity', '2017-10-08 09:26:18', '2017-10-08 09:26:18'),
(104, 188, -8, 'Manual Edit of Quantity', '2017-10-08 09:27:39', '2017-10-08 09:27:39'),
(105, 189, -7, 'Manual Edit of Quantity', '2017-10-08 09:28:29', '2017-10-08 09:28:29'),
(106, 190, -9, 'Manual Edit of Quantity', '2017-10-08 09:29:21', '2017-10-08 09:29:21'),
(107, 182, -10, 'Manual Edit of Quantity', '2017-10-08 09:30:03', '2017-10-08 09:30:03'),
(108, 174, 10, 'Manual Edit of Quantity', '2017-10-08 09:31:03', '2017-10-08 09:31:03'),
(109, 160, 27, 'Manual Edit of Quantity', '2017-10-08 09:33:00', '2017-10-08 09:33:00'),
(110, 162, -1, 'Manual Edit of Quantity', '2017-10-08 09:36:34', '2017-10-08 09:36:34'),
(111, 160, -1, 'Manual Edit of Quantity', '2017-10-08 09:37:38', '2017-10-08 09:37:38'),
(112, 164, -10, 'Manual Edit of Quantity', '2017-10-08 09:39:00', '2017-10-08 09:39:00'),
(113, 165, -10, 'Manual Edit of Quantity', '2017-10-08 09:40:05', '2017-10-08 09:40:05'),
(114, 167, -5, 'Manual Edit of Quantity', '2017-10-08 09:41:07', '2017-10-08 09:41:07'),
(115, 168, -6, 'Manual Edit of Quantity', '2017-10-08 09:41:30', '2017-10-08 09:41:30'),
(116, 169, -7, 'Manual Edit of Quantity', '2017-10-08 09:41:49', '2017-10-08 09:41:49'),
(117, 170, -9, 'Manual Edit of Quantity', '2017-10-08 09:42:32', '2017-10-08 09:42:32'),
(118, 171, -6, 'Manual Edit of Quantity', '2017-10-08 09:43:08', '2017-10-08 09:43:08'),
(119, 161, 24, 'Manual Edit of Quantity', '2017-10-08 09:44:25', '2017-10-08 09:44:25'),
(120, 125, 20, 'Manual Edit of Quantity', '2017-10-08 09:46:24', '2017-10-08 09:46:24'),
(121, 204, 20, 'Manual Edit of Quantity', '2017-10-08 09:47:25', '2017-10-08 09:47:25'),
(122, 133, 10, 'Manual Edit of Quantity', '2017-10-08 09:49:38', '2017-10-08 09:49:38'),
(123, 227, 3, 'Manual Create of Quantity', '2017-10-08 09:52:05', '2017-10-08 09:52:05'),
(124, 228, 3, 'Manual Create of Quantity', '2017-10-08 09:52:51', '2017-10-08 09:52:51'),
(125, 229, 3, 'Manual Create of Quantity', '2017-10-08 09:55:41', '2017-10-08 09:55:41'),
(126, 230, 5, 'Manual Create of Quantity', '2017-10-08 09:56:13', '2017-10-08 09:56:13'),
(127, 147, -5, 'Manual Edit of Quantity', '2017-10-08 09:59:07', '2017-10-08 09:59:07'),
(128, 141, 12, 'Manual Edit of Quantity', '2017-10-08 10:00:18', '2017-10-08 10:00:18'),
(129, 142, 7, 'Manual Edit of Quantity', '2017-10-08 10:01:04', '2017-10-08 10:01:04'),
(130, 140, -10, 'Manual Edit of Quantity', '2017-10-08 10:33:05', '2017-10-08 10:33:05'),
(131, 144, -2, 'Manual Edit of Quantity', '2017-10-08 10:34:44', '2017-10-08 10:34:44'),
(132, 145, -2, 'Manual Edit of Quantity', '2017-10-08 10:36:46', '2017-10-08 10:36:46'),
(133, 146, -3, 'Manual Edit of Quantity', '2017-10-08 10:37:02', '2017-10-08 10:37:02'),
(134, 231, 160, 'Manual Create of Quantity', '2017-10-08 10:41:36', '2017-10-08 10:41:36'),
(135, 232, 87, 'Manual Create of Quantity', '2017-10-08 10:42:11', '2017-10-08 10:42:11'),
(136, 233, 64, 'Manual Create of Quantity', '2017-10-08 10:42:47', '2017-10-08 10:42:47'),
(137, 234, 70, 'Manual Create of Quantity', '2017-10-08 10:43:24', '2017-10-08 10:43:24'),
(138, 235, 78, 'Manual Create of Quantity', '2017-10-08 10:43:59', '2017-10-08 10:43:59'),
(139, 236, 20, 'Manual Create of Quantity', '2017-10-08 10:45:09', '2017-10-08 10:45:09'),
(140, 237, 20, 'Manual Create of Quantity', '2017-10-08 10:45:32', '2017-10-08 10:45:32'),
(141, 238, 19, 'Manual Create of Quantity', '2017-10-08 10:49:59', '2017-10-08 10:49:59'),
(142, 239, 14, 'Manual Create of Quantity', '2017-10-08 10:50:26', '2017-10-08 10:50:26'),
(143, 240, 8, 'Manual Create of Quantity', '2017-10-08 10:50:56', '2017-10-08 10:50:56'),
(144, 241, 5, 'Manual Create of Quantity', '2017-10-08 10:52:06', '2017-10-08 10:52:06'),
(145, 242, 5, 'Manual Create of Quantity', '2017-10-08 10:52:58', '2017-10-08 10:52:58'),
(146, 243, 11, 'Manual Create of Quantity', '2017-10-08 10:54:02', '2017-10-08 10:54:02'),
(147, 244, 7, 'Manual Create of Quantity', '2017-10-08 10:54:57', '2017-10-08 10:54:57'),
(148, 245, 4, 'Manual Create of Quantity', '2017-10-14 06:23:01', '2017-10-14 06:23:01'),
(149, 246, 0, 'Manual Create of Quantity', '2017-10-14 06:23:26', '2017-10-14 06:23:26'),
(150, 247, 10, 'Manual Create of Quantity', '2017-10-14 06:24:16', '2017-10-14 06:24:16'),
(151, 248, 16, 'Manual Create of Quantity', '2017-10-14 06:24:59', '2017-10-14 06:24:59'),
(152, 249, 7, 'Manual Create of Quantity', '2017-10-14 06:25:42', '2017-10-14 06:25:42'),
(153, 250, 13, 'Manual Create of Quantity', '2017-10-14 06:27:16', '2017-10-14 06:27:16'),
(154, 251, 11, 'Manual Create of Quantity', '2017-10-14 06:28:05', '2017-10-14 06:28:05'),
(155, 252, 10, 'Manual Create of Quantity', '2017-10-14 06:28:36', '2017-10-14 06:28:36'),
(156, 253, 3, 'Manual Create of Quantity', '2017-10-14 06:29:36', '2017-10-14 06:29:36'),
(157, 254, 14, 'Manual Create of Quantity', '2017-10-14 06:30:15', '2017-10-14 06:30:15'),
(158, 255, 6, 'Manual Create of Quantity', '2017-10-14 06:30:52', '2017-10-14 06:30:52'),
(159, 256, 64, 'Manual Create of Quantity', '2017-10-14 06:33:09', '2017-10-14 06:33:09'),
(160, 257, 7, 'Manual Create of Quantity', '2017-10-14 06:33:32', '2017-10-14 06:33:32'),
(161, 258, 31, 'Manual Create of Quantity', '2017-10-14 06:34:16', '2017-10-14 06:34:16'),
(162, 259, 0, 'Manual Create of Quantity', '2017-10-14 06:35:53', '2017-10-14 06:35:53'),
(163, 260, 9, 'Manual Create of Quantity', '2017-10-14 06:36:58', '2017-10-14 06:36:58'),
(164, 261, 3, 'Manual Create of Quantity', '2017-10-14 06:37:26', '2017-10-14 06:37:26'),
(165, 262, 0, 'Manual Create of Quantity', '2017-10-14 06:38:13', '2017-10-14 06:38:13'),
(166, 263, 0, 'Manual Create of Quantity', '2017-10-14 06:38:51', '2017-10-14 06:38:51'),
(167, 264, 0, 'Manual Create of Quantity', '2017-10-14 06:40:14', '2017-10-14 06:40:14'),
(168, 265, 0, 'Manual Create of Quantity', '2017-10-14 06:40:46', '2017-10-14 06:40:46'),
(169, 266, 1, 'Manual Create of Quantity', '2017-10-14 06:42:20', '2017-10-14 06:42:20'),
(170, 267, 0, 'Manual Create of Quantity', '2017-10-14 06:42:53', '2017-10-14 06:42:53'),
(171, 268, 7, 'Manual Create of Quantity', '2017-10-14 06:43:57', '2017-10-14 06:43:57'),
(172, 269, 9, 'Manual Create of Quantity', '2017-10-14 06:44:33', '2017-10-14 06:44:33'),
(173, 270, 1, 'Manual Create of Quantity', '2017-10-14 06:45:03', '2017-10-14 06:45:03'),
(174, 271, 11, 'Manual Create of Quantity', '2017-10-14 06:46:36', '2017-10-14 06:46:36'),
(175, 272, 3, 'Manual Create of Quantity', '2017-10-14 06:47:12', '2017-10-14 06:47:12'),
(176, 273, 3, 'Manual Create of Quantity', '2017-10-14 06:48:14', '2017-10-14 06:48:14'),
(177, 274, 3, 'Manual Create of Quantity', '2017-10-14 06:48:59', '2017-10-14 06:48:59'),
(178, 275, 11, 'Manual Create of Quantity', '2017-10-14 06:51:13', '2017-10-14 06:51:13'),
(179, 276, 4, 'Manual Create of Quantity', '2017-10-14 06:51:48', '2017-10-14 06:51:48'),
(180, 277, 14, 'Manual Create of Quantity', '2017-10-14 06:52:21', '2017-10-14 06:52:21'),
(181, 278, 14, 'Manual Create of Quantity', '2017-10-14 06:54:32', '2017-10-14 06:54:32'),
(182, 279, 3, 'Manual Create of Quantity', '2017-10-14 06:54:48', '2017-10-14 06:54:48'),
(183, 280, 0, 'Manual Create of Quantity', '2017-10-14 06:56:11', '2017-10-14 06:56:11'),
(184, 281, 0, 'Manual Create of Quantity', '2017-10-14 06:56:35', '2017-10-14 06:56:35'),
(185, 282, 10, 'Manual Create of Quantity', '2017-10-14 06:58:19', '2017-10-14 06:58:19'),
(186, 283, 4, 'Manual Create of Quantity', '2017-10-14 07:00:51', '2017-10-14 07:00:51'),
(187, 284, 2, 'Manual Create of Quantity', '2017-10-14 07:01:38', '2017-10-14 07:01:38'),
(188, 285, 70, 'Manual Create of Quantity', '2017-10-14 07:03:25', '2017-10-14 07:03:25'),
(189, 286, 89, 'Manual Create of Quantity', '2017-10-14 07:04:35', '2017-10-14 07:04:35'),
(190, 287, 77, 'Manual Create of Quantity', '2017-10-14 07:05:22', '2017-10-14 07:05:22'),
(191, 288, 16, 'Manual Create of Quantity', '2017-10-14 07:06:59', '2017-10-14 07:06:59'),
(192, 289, 22, 'Manual Create of Quantity', '2017-10-14 07:07:21', '2017-10-14 07:07:21'),
(193, 290, 100, 'Manual Create of Quantity', '2017-10-14 07:08:13', '2017-10-14 07:08:13'),
(194, 291, 16, 'Manual Create of Quantity', '2017-10-14 07:09:28', '2017-10-14 07:09:28'),
(195, 292, 0, 'Manual Create of Quantity', '2017-10-14 07:10:23', '2017-10-14 07:10:23'),
(196, 293, 0, 'Manual Create of Quantity', '2017-10-14 07:11:05', '2017-10-14 07:11:05'),
(197, 294, 1, 'Manual Create of Quantity', '2017-10-14 07:11:52', '2017-10-14 07:11:52'),
(198, 295, 9, 'Manual Create of Quantity', '2017-10-14 07:12:37', '2017-10-14 07:12:37'),
(199, 296, 19, 'Manual Create of Quantity', '2017-10-14 07:13:31', '2017-10-14 07:13:31'),
(200, 297, 39, 'Manual Create of Quantity', '2017-10-14 07:14:48', '2017-10-14 07:14:48'),
(201, 298, 55, 'Manual Create of Quantity', '2017-10-14 07:15:48', '2017-10-14 07:15:48'),
(202, 299, 63, 'Manual Create of Quantity', '2017-10-14 07:16:36', '2017-10-14 07:16:36'),
(203, 300, 67, 'Manual Create of Quantity', '2017-10-14 07:17:48', '2017-10-14 07:17:48'),
(204, 301, 23, 'Manual Create of Quantity', '2017-10-14 07:18:39', '2017-10-14 07:18:39'),
(205, 302, 1, 'Manual Create of Quantity', '2017-10-14 07:19:05', '2017-10-14 07:19:05'),
(206, 303, 0, 'Manual Create of Quantity', '2017-10-14 07:19:23', '2017-10-14 07:19:23'),
(207, 213, 3, 'Manual Edit of Quantity', '2017-10-14 07:20:42', '2017-10-14 07:20:42'),
(208, 214, 2, 'Manual Edit of Quantity', '2017-10-14 07:20:52', '2017-10-14 07:20:52'),
(209, 212, 2, 'Manual Edit of Quantity', '2017-10-14 07:20:59', '2017-10-14 07:20:59'),
(210, 192, -5, 'Manual Edit of Quantity', '2017-10-14 07:33:30', '2017-10-14 07:33:30'),
(211, 207, -2, 'Sale in 00000001', '2017-10-14 07:34:37', '2017-10-14 07:34:37'),
(212, 62, -2, 'Sale in 00000001', '2017-10-14 07:34:37', '2017-10-14 07:34:37'),
(213, 87, -1, 'Sale in 00000001', '2017-10-14 07:34:37', '2017-10-14 07:34:37'),
(214, 115, -2, 'Sale in 00000001', '2017-10-14 07:34:37', '2017-10-14 07:34:37'),
(215, 116, -1, 'Sale in 00000001', '2017-10-14 07:34:37', '2017-10-14 07:34:37'),
(216, 108, -1, 'Sale in 00000001', '2017-10-14 07:34:37', '2017-10-14 07:34:37'),
(217, 204, -2, 'Sale in 00000001', '2017-10-14 07:34:37', '2017-10-14 07:34:37'),
(218, 224, -1, 'Sale in 00000001', '2017-10-14 07:34:37', '2017-10-14 07:34:37'),
(219, 175, -1, 'Sale in 00000001', '2017-10-14 07:34:37', '2017-10-14 07:34:37'),
(220, 127, -2, 'Sale in 00000001', '2017-10-14 07:34:37', '2017-10-14 07:34:37'),
(221, 300, -10, 'Sale in 00000001', '2017-10-14 07:34:37', '2017-10-14 07:34:37'),
(222, 141, -1, 'Sale in 00000001', '2017-10-14 07:34:37', '2017-10-14 07:34:37'),
(223, 174, -1, 'Sale in 00000001', '2017-10-14 07:34:37', '2017-10-14 07:34:37'),
(242, 300, 10, 'Manual Edit of Quantity', '2017-10-14 08:10:58', '2017-10-14 08:10:58'),
(243, 96, -2, 'Sale in 03950', '2017-10-14 08:48:42', '2017-10-14 08:48:42'),
(244, 123, -1, 'Sale in 03950', '2017-10-14 08:48:42', '2017-10-14 08:48:42'),
(245, 208, -12, 'Sale in 03950', '2017-10-14 08:48:42', '2017-10-14 08:48:42'),
(246, 108, -3, 'Sale in 03950', '2017-10-14 08:48:42', '2017-10-14 08:48:42'),
(247, 63, -8, 'Sale in 03950', '2017-10-14 08:48:42', '2017-10-14 08:48:42'),
(248, 88, -8, 'Sale in 03950', '2017-10-14 08:48:42', '2017-10-14 08:48:42'),
(249, 222, -2, 'Sale in 03950', '2017-10-14 08:48:42', '2017-10-14 08:48:42'),
(250, 226, -1, 'Sale in 03950', '2017-10-14 08:48:42', '2017-10-14 08:48:42'),
(251, 204, -4, 'Sale in 03950', '2017-10-14 08:48:42', '2017-10-14 08:48:42'),
(252, 63, -3, 'Sale in 3950', '2017-10-14 10:58:56', '2017-10-14 10:58:56'),
(253, 208, -3, 'Sale in 3950', '2017-10-14 10:58:56', '2017-10-14 10:58:56'),
(254, 88, -3, 'Sale in 3950', '2017-10-14 10:58:56', '2017-10-14 10:58:56'),
(255, 175, -1, 'Sale in 3950', '2017-10-14 10:58:56', '2017-10-14 10:58:56');

-- --------------------------------------------------------

--
-- Table structure for table `items`
--

CREATE TABLE `items` (
  `id` int(10) UNSIGNED NOT NULL,
  `code` varchar(191) COLLATE utf8mb4_unicode_ci NOT NULL,
  `name` varchar(191) COLLATE utf8mb4_unicode_ci NOT NULL,
  `cost` int(11) NOT NULL,
  `price` int(11) NOT NULL,
  `qty` int(11) NOT NULL,
  `unit_id` int(11) NOT NULL,
  `producttype_id` int(11) NOT NULL,
  `created_at` timestamp NULL DEFAULT NULL,
  `updated_at` timestamp NULL DEFAULT NULL
) ENGINE=InnoDB DEFAULT CHARSET=utf8mb4 COLLATE=utf8mb4_unicode_ci;

--
-- Dumping data for table `items`
--

INSERT INTO `items` (`id`, `code`, `name`, `cost`, `price`, `qty`, `unit_id`, `producttype_id`, `created_at`, `updated_at`) VALUES
(3, '1358307827', 'Iron 3/4 GI (Thick)', 3500, 5000, 10, 5, 5, '2017-09-23 11:01:02', '2017-10-14 08:00:08'),
(4, '1312619476', 'Iron 3/4 GI (Normal)', 3000, 4000, 10, 5, 5, '2017-09-24 03:45:50', '2017-10-14 08:00:08'),
(5, '1382281759', 'Iron 3/4 GI (Thin)', 2500, 3500, 10, 5, 5, '2017-09-24 03:46:50', '2017-10-14 08:00:08'),
(6, '1172848253', 'Iron 1 GI (Normal)', 4000, 5000, 50, 5, 5, '2017-09-24 03:48:10', '2017-10-07 12:34:25'),
(7, '1335213479', 'Iron 1 GI (Thick)', 4500, 5500, 50, 5, 5, '2017-09-24 03:48:53', '2017-10-07 12:34:25'),
(8, '1212339701', 'Iron 1 GI (Thin)', 3500, 4500, 50, 5, 5, '2017-09-24 03:49:26', '2017-10-07 12:34:25'),
(9, '1342755097', 'Iron 11/4 GI (Thin)', 4500, 5500, 45, 5, 5, '2017-09-24 03:51:03', '2017-10-07 12:34:25'),
(10, '1166879236', 'Iron 11/4 GI (Normal)', 5500, 6500, 50, 5, 5, '2017-09-24 05:06:16', '2017-10-07 12:34:25'),
(11, '1404850847', 'Iron 11/4 GI (Thick)', 6000, 7000, 50, 5, 5, '2017-09-24 05:07:00', '2017-10-07 12:34:25'),
(12, '1320108210', 'Iron 11/2 GI (Thick)', 7000, 8000, 50, 5, 5, '2017-09-24 05:09:15', '2017-09-24 05:43:25'),
(13, '1390582423', 'Iron 11/2 GI (Thin)', 6000, 7000, 50, 5, 5, '2017-09-24 05:10:07', '2017-09-24 05:10:07'),
(14, '1145240844', 'Iron 11/2GI (Normal)', 6500, 7500, 50, 5, 5, '2017-09-24 05:11:20', '2017-09-24 05:11:20'),
(16, '1199595517', 'Iron11/ 2 x 3/4 GI (Thick)', 4500, 5500, 50, 5, 5, '2017-09-24 05:14:10', '2017-10-07 12:34:25'),
(18, '1227715341', 'Iron11/2x3/4 GI (Thin)', 3700, 5000, 50, 5, 5, '2017-09-24 05:18:56', '2017-09-25 06:15:21'),
(19, '1409796527', 'Iron11/2x3/4 GI (Normal)', 4000, 5000, 50, 5, 5, '2017-09-24 05:21:08', '2017-09-24 05:21:08'),
(20, '1124862184', 'Iron 2x 1 GI (Normal)', 7000, 8000, 50, 5, 5, '2017-09-24 05:22:30', '2017-09-24 05:22:30'),
(21, '1233030152', 'Iron 2x1 GI (Thin)', 6500, 7500, 50, 5, 5, '2017-09-24 05:25:24', '2017-09-24 05:25:24'),
(22, '1278932736', 'Iron 2x1 GI (Thick)', 7500, 8500, 50, 5, 5, '2017-09-24 05:27:13', '2017-10-01 06:31:07'),
(23, '1198204388', 'Iron 2 GI (Normal)', 10000, 11500, 50, 5, 5, '2017-09-24 05:28:00', '2017-10-01 06:31:07'),
(24, '1209980418', 'Iron 2 GI (Thick)', 11000, 13000, 50, 5, 5, '2017-09-24 05:28:36', '2017-10-01 06:31:08'),
(25, '1275635736', 'Iron 2 GI (Thin)', 8500, 10500, 47, 5, 5, '2017-09-24 05:29:16', '2017-10-01 06:31:07'),
(26, '1180624451', 'Iron 3x11/2 GI (Normal)', 11500, 13500, 50, 5, 5, '2017-09-24 05:30:06', '2017-09-24 05:30:06'),
(27, '1130219616', 'Iron 3x11/2 GI (Thick)', 12500, 14500, 50, 5, 5, '2017-09-24 05:30:52', '2017-09-24 05:30:52'),
(28, '1330053489', 'Iron 3x11/2 GI (Thin)', 10000, 12000, 50, 5, 5, '2017-09-24 05:31:47', '2017-09-24 05:31:47'),
(29, '1184322868', 'Iron 4x2GI (Normal)', 13500, 16000, 50, 5, 5, '2017-09-24 05:32:49', '2017-10-06 08:35:01'),
(30, '1284142764', 'Iron 4x2GI (Thick)', 15500, 18000, 50, 5, 5, '2017-09-24 05:44:50', '2017-09-24 05:44:50'),
(31, '1183038382', 'Iron 4x2 GI (Thin)', 12500, 15000, 50, 5, 5, '2017-09-24 05:45:49', '2017-09-24 05:45:49'),
(32, '1206990174', 'Iron 3 GI (Thick)', 20000, 25000, 10, 5, 5, '2017-09-24 05:47:08', '2017-10-06 08:35:01'),
(33, '1339388623', 'Iron 3 GI (Normal)', 19000, 23000, 10, 5, 5, '2017-09-24 05:56:05', '2017-09-24 05:56:05'),
(34, '1319128013', 'Iron 3GI (Thin)', 17000, 21000, 10, 5, 5, '2017-09-24 05:57:42', '2017-09-24 05:57:42'),
(35, '1179128747', 'Iron 4 GI (Thick)', 25000, 30000, 5, 5, 5, '2017-09-24 06:41:37', '2017-09-24 06:41:37'),
(36, '1127062765', 'Iron 4 GI (Normal)', 22000, 27000, 5, 5, 5, '2017-09-24 06:44:14', '2017-09-24 06:44:14'),
(37, '1275824203', 'Iron 4 GI (Thin)', 20000, 25000, 5, 5, 5, '2017-09-24 06:45:55', '2017-09-24 06:45:55'),
(38, '1356171820', 'Iron 1 L (Normal)', 4000, 5000, 30, 5, 5, '2017-09-24 06:48:08', '2017-09-24 06:48:08'),
(39, '1369688998', 'Iron 1 L(Thin)', 3500, 4500, 30, 5, 5, '2017-09-24 06:48:45', '2017-09-24 06:48:45'),
(40, '1330981539', 'Iron 1 1/4L (Normal)', 5500, 6500, 30, 5, 5, '2017-09-24 06:49:29', '2017-09-24 06:51:33'),
(41, '1393655249', 'Iron 1 1/4L (Thin)', 5000, 6000, 30, 5, 5, '2017-09-24 06:50:06', '2017-09-24 06:51:09'),
(42, '1383336316', 'Iron 1 1/2L (Normal)', 7000, 8000, 30, 5, 5, '2017-09-24 06:52:14', '2017-09-24 06:52:14'),
(43, '1205642187', 'Iron 1 1/2L (Thin)', 6500, 7500, 30, 5, 5, '2017-09-24 06:52:59', '2017-09-24 06:52:59'),
(44, '1178115212', 'Iron 2 L (Normal)', 12500, 14000, 30, 5, 5, '2017-09-24 06:54:21', '2017-09-24 06:54:21'),
(45, '1329728998', 'Iron 2 L (Thin)', 10500, 12500, 30, 5, 5, '2017-09-24 06:55:01', '2017-09-24 06:55:01'),
(46, '1328790538', 'Iron 10ml', 5500, 6500, 135, 5, 5, '2017-09-24 06:56:43', '2017-10-06 08:35:09'),
(47, '1212739235', 'Iron 12ml', 7500, 8500, 88, 5, 5, '2017-09-24 06:57:20', '2017-10-06 08:35:09'),
(48, '1117092117', 'Iron 16ml', 11000, 12500, 52, 5, 5, '2017-09-24 06:58:05', '2017-09-24 06:58:05'),
(49, '1211276499', 'Iron 5.5ml', 1500, 2000, 33, 6, 5, '2017-09-24 07:01:07', '2017-09-24 07:01:07'),
(50, '1184917822', 'Iron 6.5ml', 1500, 2000, 33, 6, 5, '2017-09-24 07:01:44', '2017-09-24 07:01:44'),
(51, '1225341612', 'Iron 8.5ml', 1500, 2000, 33, 6, 5, '2017-09-24 07:02:45', '2017-09-24 07:20:00'),
(52, '1243173449', 'Iron 2x1U (Normal)', 9000, 11000, 10, 4, 5, '2017-09-24 07:05:49', '2017-09-24 07:05:49'),
(53, '1144541319', 'Iron 3x1 1/2 (Normal)', 16500, 18500, 10, 5, 5, '2017-09-24 07:09:13', '2017-09-24 07:09:13'),
(54, '1144541319', 'Iron 3x1 1/2 (Normal)', 16500, 18500, 10, 5, 5, '2017-09-24 07:09:56', '2017-10-07 12:34:26'),
(55, '1152403546', 'Iron 2x1U(Thin)', 8000, 10000, 10, 5, 5, '2017-09-24 07:10:57', '2017-10-07 12:34:26'),
(56, '1321961477', 'Iron 3x1 1/2(Thin)', 15000, 17000, 10, 5, 4, '2017-09-24 07:11:48', '2017-10-07 12:34:26'),
(57, '1249489193', 'Iron 4x2 U(Normal)', 24000, 27000, 10, 5, 5, '2017-09-24 07:12:48', '2017-10-07 12:34:26'),
(58, '1286421179', 'Iron 4x2U (Thin)', 21000, 24000, 10, 5, 5, '2017-09-24 07:13:34', '2017-10-07 12:34:26'),
(59, '1163819309', 'Iron 4x2 H', 35000, 39000, 10, 5, 5, '2017-09-24 07:14:24', '2017-10-06 08:35:09'),
(60, '1310358955', 'Iron 6x3 H', 63000, 69000, 5, 5, 5, '2017-09-24 07:15:11', '2017-09-24 07:15:11'),
(61, '1112982649', 'Pipe 1/2\"  ------------------', 1050, 1500, 31, 5, 8, '2017-09-25 06:20:18', '2017-10-08 08:25:31'),
(62, '1326887267', 'Pipe 3/4\"  -------------------', 1352, 1900, 48, 5, 8, '2017-09-25 06:22:53', '2017-10-14 07:34:37'),
(63, '1128292700', 'Pipe 1\"  -----------------------', 1850, 2500, 19, 5, 8, '2017-09-25 06:25:49', '2017-10-14 10:58:56'),
(64, '1267795409', 'Pipe 1\" 1/4\"  --------------------', 2350, 3000, 16, 5, 8, '2017-09-25 06:27:37', '2017-10-08 08:23:49'),
(65, '1390067253', 'Pipe 1\" 1/2\"  -----------------', 2960, 4000, 10, 5, 8, '2017-09-26 05:26:48', '2017-10-08 08:23:15'),
(66, '1113619411', 'Pipe 2\"  ----------------------', 4664, 6000, 10, 5, 8, '2017-09-26 05:27:26', '2017-10-08 08:20:23'),
(67, '1395933953', 'Pipe 3\" အပါး   ----------------', 4873, 7000, 5, 5, 8, '2017-09-26 05:28:29', '2017-10-08 08:19:00'),
(68, '1276799697', 'Pipe 3\" အထူ  --------------------', 9408, 13000, 3, 5, 8, '2017-09-26 05:29:05', '2017-10-08 08:19:35'),
(69, '1351767628', 'Pipe 4\" အပါး   -----------', 8000, 11000, 3, 5, 8, '2017-09-26 05:29:42', '2017-10-08 08:17:32'),
(70, '1312341947', 'Pipe 4\" အထူ   -----------', 12900, 17000, 3, 5, 8, '2017-09-26 05:30:40', '2017-10-08 08:17:56'),
(75, '1170363947', 'L11/2  ---------------', 380, 700, 22, 5, 8, '2017-09-30 11:16:26', '2017-10-08 08:31:31'),
(76, '1171580996', 'L2  --------------', 560, 900, 9, 5, 8, '2017-09-30 11:16:54', '2017-10-08 08:31:55'),
(77, '1340907446', 'L3  ---------------------', 600, 1000, 12, 5, 8, '2017-09-30 11:18:06', '2017-10-08 08:32:37'),
(78, '1265993688', 'L4  --------------', 1100, 1500, 7, 5, 8, '2017-09-30 11:18:28', '2017-10-08 08:33:08'),
(79, '1381849315', 'L1/2  ( 45 )  ----------------', 85, 150, 35, 5, 8, '2017-09-30 11:22:32', '2017-10-08 08:33:50'),
(80, '1396300218', 'L3/4  ( 45 )  ----------------', 160, 250, 59, 5, 8, '2017-09-30 11:23:56', '2017-10-08 08:34:12'),
(81, '1287677936', 'L1  ( 45 )  ----------------', 220, 300, 28, 5, 8, '2017-09-30 11:24:41', '2017-10-08 08:35:20'),
(82, '1198833877', 'L11/2  ( 45 )  --------------------', 400, 600, 25, 5, 8, '2017-09-30 11:27:45', '2017-10-08 08:36:24'),
(83, '1120785111', 'L2  ( 45 )  ------------', 850, 1200, 7, 5, 8, '2017-09-30 11:28:25', '2017-10-08 08:37:11'),
(84, '1182537285', 'L3  ( 45 )  ------------------', 550, 900, 2, 5, 8, '2017-09-30 11:29:07', '2017-10-08 08:37:45'),
(85, '1338806439', 'L4  ( 45 )  --------------------', 950, 1500, 7, 5, 8, '2017-09-30 11:29:43', '2017-10-08 08:38:11'),
(86, '1118426276', 'Socket 1/2  --------------------', 60, 100, 36, 5, 8, '2017-09-30 11:30:29', '2017-10-08 08:38:57'),
(87, '1222472785', 'Socket 3/4  -----------------', 75, 150, 49, 5, 8, '2017-09-30 11:31:22', '2017-10-14 07:34:37'),
(88, '1234879930', 'Socket 1  ---------------', 120, 200, 41, 5, 8, '2017-09-30 11:31:51', '2017-10-14 10:58:56'),
(89, '1146776396', 'Socket 11/4  ------------------', 190, 350, 10, 5, 8, '2017-09-30 11:32:40', '2017-10-08 08:40:54'),
(90, '1214575280', 'Socket 11/2  ----------------', 250, 400, 10, 5, 8, '2017-09-30 11:33:04', '2017-10-08 08:41:17'),
(91, '1143551717', 'Socket 2  ----------------', 380, 600, 7, 5, 8, '2017-09-30 11:33:29', '2017-10-08 08:41:58'),
(92, '1376493899', 'Socket3  ------------------', 500, 1000, 2, 5, 8, '2017-09-30 11:33:52', '2017-10-08 08:42:17'),
(93, '1271534320', 'Socket 4  ----------------', 700, 1200, 5, 5, 8, '2017-09-30 11:41:36', '2017-10-08 08:42:31'),
(94, '1403104835', 'Vsocket1/2', 65, 150, 9, 5, 8, '2017-09-30 11:50:17', '2017-10-08 06:59:49'),
(95, '1220138460', 'Vsocket3/4', 80, 200, 27, 5, 8, '2017-09-30 13:04:37', '2017-10-08 07:00:48'),
(96, '1356899344', 'Vsocket1', 110, 250, 12, 5, 8, '2017-09-30 13:06:09', '2017-10-14 08:48:42'),
(97, '1192756385', 'Vsocket11/4', 200, 400, 16, 5, 8, '2017-09-30 13:06:35', '2017-10-08 07:02:11'),
(98, '1274903345', 'Vsocket11/2', 250, 500, 10, 5, 8, '2017-09-30 13:07:04', '2017-10-08 07:03:11'),
(99, '1125181542', 'Vsocket2', 330, 700, 10, 5, 8, '2017-09-30 14:11:24', '2017-10-08 07:03:46'),
(100, '1408935315', 'Fsocket 1/2  -----------------', 65, 150, 22, 5, 8, '2017-09-30 14:12:11', '2017-10-08 08:43:34'),
(101, '1121310214', 'Fsocket 3/4  ---------------', 90, 200, 22, 5, 8, '2017-09-30 14:12:39', '2017-10-08 08:44:17'),
(102, '1256364855', 'Fsocket 1  ------------------', 160, 250, 93, 5, 8, '2017-09-30 14:13:08', '2017-10-08 08:50:53'),
(103, '1243239291', 'Fsocket 11/4   ----------------', 200, 400, 8, 5, 8, '2017-09-30 14:14:03', '2017-10-08 08:52:21'),
(104, '1158478494', 'Fsocket 11/2  ---------------------', 350, 600, 10, 5, 8, '2017-09-30 14:14:34', '2017-10-08 08:52:39'),
(105, '1375789740', 'Fsocket 2  ---------------', 580, 800, 5, 5, 8, '2017-09-30 14:21:44', '2017-10-08 08:53:01'),
(106, '1199623950', 'T1/2  --------------', 100, 200, 29, 5, 8, '2017-10-01 04:08:11', '2017-10-08 08:53:38'),
(107, '1254179341', 'T3/4  -------------', 130, 250, 38, 5, 8, '2017-10-01 04:09:45', '2017-10-08 08:53:53'),
(108, '1314705145', 'T 1  ------------', 255, 350, 38, 5, 8, '2017-10-01 04:10:26', '2017-10-14 08:48:42'),
(109, '1163125352', 'T11/4  --------------', 340, 600, 8, 5, 8, '2017-10-01 04:10:54', '2017-10-08 08:55:32'),
(110, '1253002673', 'T 11/2  --------------', 500, 700, 7, 5, 8, '2017-10-01 04:13:00', '2017-10-08 08:56:30'),
(111, '1407676409', 'T 2  -----------------', 800, 1200, 6, 5, 8, '2017-10-01 04:14:01', '2017-10-08 08:56:50'),
(112, '1164520653', 'T 3  ----------', 850, 1200, 4, 5, 8, '2017-10-01 04:14:29', '2017-10-08 08:57:33'),
(113, '1301516534', 'T4  -------------', 1750, 2500, 5, 5, 8, '2017-10-01 06:28:13', '2017-10-08 08:57:45'),
(114, '1373577892', 'Seddle 1/2', 22, 50, 106, 5, 8, '2017-10-01 07:49:44', '2017-10-06 07:41:15'),
(115, '1276734245', 'Seddle 3/4', 23, 50, 92, 5, 8, '2017-10-01 07:50:13', '2017-10-14 07:34:37'),
(116, '1288376469', 'Seddle 1', 31, 100, 42, 5, 8, '2017-10-01 07:50:59', '2017-10-14 07:34:37'),
(117, '1226648291', 'Seddle 11/4', 40, 150, 50, 5, 8, '2017-10-01 07:51:49', '2017-10-06 07:50:03'),
(118, '1320406188', 'Seddle1 1/2', 55, 200, 31, 5, 8, '2017-10-01 07:52:18', '2017-10-06 07:51:31'),
(119, '1373576267', 'Seddle 3', 100, 300, 8, 5, 8, '2017-10-01 07:52:50', '2017-10-06 07:57:27'),
(120, '1286953789', 'Seddle 4', 150, 400, 17, 5, 7, '2017-10-01 07:53:14', '2017-10-06 07:58:15'),
(121, '1385526539', 'Union 1/2 ယူနီယံ', 400, 600, 4, 5, 8, '2017-10-01 07:54:58', '2017-10-08 06:41:36'),
(122, '1225168371', 'Union 3/4 ယူနီယံ', 450, 800, 10, 5, 8, '2017-10-01 07:55:24', '2017-10-08 06:42:43'),
(123, '1182303536', 'Union 1 ယူနီယံ', 610, 1000, 19, 5, 7, '2017-10-01 07:55:47', '2017-10-14 08:48:42'),
(124, '1125095281', 'Ball Value 1/2 ေဘာဘား  -------------', 350, 500, 2, 5, 8, '2017-10-01 08:01:44', '2017-10-08 09:47:56'),
(125, '1188990012', 'Ball Value 3/4 ေဘာဘား  -----------------', 445, 700, 34, 5, 8, '2017-10-01 08:02:11', '2017-10-08 09:46:25'),
(126, '1208144319', 'Ball Value 1 အရစ္ေဘာဘား  ----------------------', 675, 1000, 7, 5, 8, '2017-10-01 08:02:36', '2017-10-08 09:48:09'),
(127, '1266140048', 'Ball Value 1 1/4 ေဘာဘား--------------', 1300, 1800, 1, 5, 8, '2017-10-01 08:03:17', '2017-10-14 07:34:37'),
(128, '1118621301', 'Ball Value 1 1/2  ေဘာဘား  -------------', 1600, 2500, 5, 5, 8, '2017-10-01 08:03:42', '2017-10-08 09:48:42'),
(129, '1249430663', 'Ball Value 2  ေဘာဘား  ----------------', 2200, 3000, 4, 5, 8, '2017-10-01 08:04:12', '2017-10-08 09:47:42'),
(132, '1333540358', 'Foot Value 3/4 ဘီလူးေခါင္  --------------', 600, 900, 2, 5, 8, '2017-10-01 08:07:27', '2017-10-08 09:50:03'),
(133, '1223222911', 'Foot Value 1 ဘီလူးေခါင္အႀကီး  ------------', 830, 1200, 12, 5, 8, '2017-10-01 08:07:51', '2017-10-08 09:49:38'),
(134, '1172185888', 'FL 1/2  -------------------', 113, 200, 20, 5, 8, '2017-10-01 08:09:57', '2017-10-08 08:59:10'),
(135, '1395233271', 'FL 3/4  -----------------', 175, 300, 17, 5, 8, '2017-10-01 08:10:36', '2017-10-08 09:00:04'),
(136, '1256248391', 'FL 1  ---------------', 250, 400, 9, 5, 8, '2017-10-01 08:11:01', '2017-10-08 09:00:42'),
(137, '1388344206', 'FT 1/2  ------------------', 200, 300, 18, 5, 8, '2017-10-01 08:12:22', '2017-10-08 09:09:24'),
(138, '1228491883', 'FT 3/4  ---------------', 300, 400, 20, 5, 8, '2017-10-01 08:12:45', '2017-10-08 09:09:51'),
(139, '1371143528', 'FT 1  -------------', 400, 600, 16, 5, 8, '2017-10-01 08:13:14', '2017-10-08 09:10:21'),
(140, '1313247864', 'Cap 1/2 ------', 100, 200, 0, 5, 8, '2017-10-01 08:19:52', '2017-10-08 10:33:38'),
(141, '1240927752', 'Cap 3/4  --------------', 95, 200, 21, 5, 8, '2017-10-01 08:20:20', '2017-10-14 07:34:37'),
(142, '1293327251', 'Cap 1  ---------------', 140, 300, 17, 5, 8, '2017-10-01 08:37:47', '2017-10-08 10:01:04'),
(143, '1158001714', 'Cap 1 1/4 ------', 250, 500, 10, 5, 8, '2017-10-01 08:38:12', '2017-10-08 10:34:18'),
(144, '1225932653', 'Cap 1 1/2 -----', 300, 600, 8, 5, 8, '2017-10-01 08:38:47', '2017-10-08 10:34:44'),
(145, '1303844726', 'Cap 2 ------', 350, 700, 8, 5, 8, '2017-10-01 08:40:14', '2017-10-08 10:37:34'),
(146, '1355105965', 'Cap 3 ------', 600, 1200, 2, 5, 8, '2017-10-01 08:41:00', '2017-10-08 10:37:27'),
(147, '1234659585', 'Cap 4  ----------------', 1200, 2000, 0, 5, 8, '2017-10-01 08:41:31', '2017-10-08 09:59:10'),
(148, '1261343662', 'FC 1/2', 100, 200, 10, 5, 7, '2017-10-01 08:42:44', '2017-10-01 08:42:44'),
(149, '1172505861', 'FC 3/4', 200, 300, 10, 4, 8, '2017-10-01 08:43:18', '2017-10-01 08:43:18'),
(150, '1261814446', 'FC 1', 300, 400, 10, 5, 8, '2017-10-01 08:45:46', '2017-10-01 08:45:46'),
(151, '1203756213', 'VP 1/2', 100, 200, 10, 5, 8, '2017-10-01 08:47:03', '2017-10-01 08:47:03'),
(152, '1157307763', 'VP 3/4', 150, 250, 10, 4, 7, '2017-10-01 08:47:41', '2017-10-01 08:47:41'),
(153, '1205119060', 'VP 1', 250, 350, 10, 5, 8, '2017-10-01 08:48:04', '2017-10-06 09:21:31'),
(154, '1164249095', 'VL 1/2  -----------------', 150, 250, 19, 5, 8, '2017-10-01 08:49:03', '2017-10-08 09:07:25'),
(155, '1260637107', 'VL3/4  ---------------', 200, 300, 29, 5, 8, '2017-10-01 08:49:27', '2017-10-08 09:07:56'),
(156, '1258702446', 'VL 1  --------------', 300, 400, 4, 5, 8, '2017-10-01 08:49:56', '2017-10-08 09:08:28'),
(157, '1377124221', 'RL 1/2 x 3/4  ---------------', 100, 200, 25, 5, 8, '2017-10-01 08:51:53', '2017-10-08 09:03:54'),
(158, '1379170853', 'RL 1 x 3/4  -----------------', 243, 350, 27, 5, 8, '2017-10-01 08:52:25', '2017-10-08 09:05:14'),
(159, '1401075900', 'RL 1 x 1/2  ------------------', 190, 300, 34, 5, 8, '2017-10-01 08:53:18', '2017-10-08 09:06:03'),
(160, '1143132562', 'RT 3/4x 1/2  --------------', 250, 400, 36, 5, 8, '2017-10-01 08:54:22', '2017-10-08 09:37:38'),
(161, '1140455221', 'RT 1 x 1/2  --------------------', 250, 350, 34, 5, 8, '2017-10-01 08:55:07', '2017-10-08 09:44:38'),
(162, '1393613496', 'RT 1 x 3/4  -------------', 300, 450, 9, 5, 8, '2017-10-01 08:55:35', '2017-10-08 09:36:34'),
(163, '1406531366', 'RT 1 1/2 x 1/2  --------------', 600, 800, 10, 5, 8, '2017-10-01 08:56:58', '2017-10-08 09:38:17'),
(164, '1359351666', 'RT 1 1/2 x 3/4  ----------------------', 600, 800, 0, 5, 8, '2017-10-01 08:57:29', '2017-10-08 09:39:00'),
(165, '1319887460', 'RT 1 1/2 x 1  ----------------', 800, 1000, 0, 5, 8, '2017-10-01 08:58:01', '2017-10-08 09:40:05'),
(167, '1214667145', 'RT 2 x 1/2  ---------------', 1000, 1500, 5, 5, 8, '2017-10-01 08:58:55', '2017-10-08 09:41:07'),
(168, '1251361820', 'RT 2 x 3/4  -------------', 1000, 1500, 4, 5, 8, '2017-10-01 08:59:25', '2017-10-08 09:41:30'),
(169, '1360116462', 'RT 2 x 1  --------------', 1000, 1500, 3, 5, 8, '2017-10-01 08:59:55', '2017-10-08 09:42:06'),
(170, '1135176429', 'RT 2 x 1 1/4  ------------', 1300, 1800, 1, 5, 8, '2017-10-01 09:00:34', '2017-10-08 09:42:32'),
(171, '1313525932', 'RT 2 x 1 1/2  ----------------', 1300, 1800, 4, 5, 8, '2017-10-01 09:01:24', '2017-10-08 09:43:08'),
(172, '1373916716', 'RS 1/2 x 3/4  --------------', 80, 200, 22, 5, 8, '2017-10-01 09:06:32', '2017-10-08 09:13:42'),
(174, '1112394720', 'RS 1 x 3/4  ---------------', 200, 300, 30, 5, 8, '2017-10-01 09:07:51', '2017-10-14 07:34:37'),
(175, '1136666367', 'RS 1 x 1/2  -------------------', 100, 250, 9, 5, 8, '2017-10-01 09:08:25', '2017-10-14 10:58:56'),
(176, '1271075422', 'RS 1 1/4 x 3/4  -------------', 220, 400, 4, 5, 8, '2017-10-01 09:09:33', '2017-10-08 09:17:45'),
(177, '1236903259', 'RS 1 1/4 x 1  --------------', 220, 400, 3, 5, 8, '2017-10-01 09:10:03', '2017-10-08 09:18:21'),
(178, '1266482372', 'RS 1 1/2 x 1/2  ---------------', 350, 500, 2, 5, 8, '2017-10-01 09:11:26', '2017-10-08 09:20:17'),
(179, '1181784622', 'RS 1 1/2 x 3/4  ---------------', 250, 500, 27, 5, 8, '2017-10-01 09:12:11', '2017-10-08 09:22:04'),
(180, '1170939091', 'RS 1 1/2 x 1  -------------------', 250, 500, 8, 5, 8, '2017-10-01 09:14:17', '2017-10-08 09:22:37'),
(181, '1219249619', 'RS 1 1/2 x 1 1/4  -----------------', 250, 500, 6, 5, 8, '2017-10-01 10:21:51', '2017-10-08 09:23:20'),
(182, '1344058785', 'RS 2 x 1/2  ----------------', 380, 600, 0, 5, 8, '2017-10-01 10:22:30', '2017-10-08 09:30:03'),
(183, '1353668023', 'RS 2 x 3/4  -------------', 380, 600, 3, 5, 8, '2017-10-01 10:24:03', '2017-10-08 09:24:20'),
(184, '1159137363', 'RS 2 x 1  --------------------', 380, 600, 400, 5, 8, '2017-10-01 10:25:47', '2017-10-08 09:25:05'),
(185, '1381170026', 'RS 2 x 1 1/4  ----------------', 380, 600, 2, 5, 8, '2017-10-01 10:31:02', '2017-10-08 09:25:47'),
(186, '1366870072', 'RS 2 x 1 1/2  --------------', 380, 600, 5, 5, 8, '2017-10-01 10:40:33', '2017-10-08 09:26:18'),
(187, '1367019316', 'RS 3 x1 1/2  -----------------', 500, 800, 10, 5, 8, '2017-10-01 10:41:21', '2017-10-08 09:27:07'),
(188, '1148445325', 'RS 3 x 2  -------------', 500, 800, 2, 5, 8, '2017-10-01 10:41:52', '2017-10-08 09:27:39'),
(189, '1226804301', 'RS 4 x 2  -----------', 700, 1200, 3, 5, 8, '2017-10-01 10:49:12', '2017-10-08 09:28:29'),
(190, '1327885188', 'RS 4 x 3  ------------------', 950, 1500, 1, 5, 8, '2017-10-01 10:51:04', '2017-10-08 09:29:21'),
(191, '1406175011', 'CHECK VALUE 1/2 ခ်က္ဘား', 1200, 1800, 5, 5, 8, '2017-10-01 11:02:34', '2017-10-07 13:10:14'),
(192, '1354582164', 'CHECK VALUE 3/4 ခ်က္ဘား', 1700, 2000, 0, 5, 8, '2017-10-01 11:03:16', '2017-10-14 07:33:30'),
(193, '1231329464', 'CHECK VALUE 1 ခ်က္ဘား', 2100, 2500, 4, 5, 8, '2017-10-01 11:03:47', '2017-10-07 13:12:12'),
(194, '1126036872', 'DRING PLUG 3/4', 300, 400, 5, 5, 8, '2017-10-01 11:09:18', '2017-10-01 11:09:18'),
(195, '1130104298', 'DRING PLUG 1', 350, 450, 5, 5, 8, '2017-10-01 11:10:08', '2017-10-01 11:10:08'),
(196, '1359543498', 'DRING PLUG 1 1/2', 400, 500, 5, 5, 8, '2017-10-01 11:10:37', '2017-10-01 11:10:37'),
(197, '1313819360', 'DRING PLUG 2', 800, 1000, 5, 5, 7, '2017-10-01 11:11:07', '2017-10-01 11:11:07'),
(198, '1252017476', 'Iron 3/4 FLAT', 1000, 1500, 33, 6, 5, '2017-10-03 11:13:19', '2017-10-03 11:17:22'),
(199, '1246302039', 'Iron 1 FLAT', 1000, 1500, 33, 6, 5, '2017-10-03 11:13:58', '2017-10-03 11:13:58'),
(200, '1315693255', 'Iron 1 1/4 FLAT', 1000, 1500, 33, 6, 5, '2017-10-03 11:19:22', '2017-10-03 11:19:22'),
(201, '1138552331', 'Iron 1 1/2 FLAT', 1000, 1500, 33, 6, 5, '2017-10-03 11:20:29', '2017-10-03 11:20:29'),
(202, '1293748255', 'Iron 2 FLAT', 1000, 1500, 33, 6, 5, '2017-10-03 11:22:27', '2017-10-03 11:22:27'),
(203, '1339463200', 'Seddle 2', 55, 250, 62, 5, 8, '2017-10-06 07:56:27', '2017-10-06 07:56:27'),
(204, '1113387187', 'Ball Value 1  ေဘာဘား  --------------', 740, 1000, 19, 5, 8, '2017-10-06 08:08:54', '2017-10-14 08:48:42'),
(205, '1242718792', 'L 1 1/4 (45) အပါး  -----------------', 95, 300, 29, 5, 8, '2017-10-06 10:59:04', '2017-10-08 08:36:00'),
(206, '1347835759', 'L 1/2  ---------------', 50, 150, 52, 5, 8, '2017-10-06 11:05:36', '2017-10-08 08:27:17'),
(207, '1277300525', 'L3/4 ----------------', 100, 200, 137, 5, 8, '2017-10-06 11:07:01', '2017-10-14 07:34:37'),
(208, '1381944601', 'L 1  -------------------', 180, 300, 101, 5, 8, '2017-10-06 11:08:04', '2017-10-14 10:58:56'),
(209, '1333446607', 'L 1 1/4  -------------------', 300, 500, 13, 5, 8, '2017-10-06 11:11:57', '2017-10-08 08:30:49'),
(210, '1375297912', 'ေရဒေယာက္ (4\")', 7650, 10000, 5, 5, 8, '2017-10-06 13:25:03', '2017-10-06 13:25:03'),
(211, '1239087792', 'ေရဒေယာက္ (5\")', 9350, 13000, 3, 5, 8, '2017-10-06 13:25:41', '2017-10-06 13:25:41'),
(212, '1116823881', 'ႀကိဳးပိုက္ (1\")', 11000, 15000, 2, 5, 8, '2017-10-06 13:26:37', '2017-10-14 07:20:59'),
(213, '1141206535', 'ႀကိဳးပိုက္ (3/4\")', 8800, 12000, 3, 5, 8, '2017-10-06 13:27:24', '2017-10-14 07:20:42'),
(214, '1398966292', 'ႀကိဳးပိုက္ (1/2\")', 7800, 10000, 2, 5, 8, '2017-10-06 13:28:20', '2017-10-14 07:20:52'),
(215, '1254953429', 'ေရဂ်ိက္ (4\")', 160, 300, 0, 5, 8, '2017-10-06 13:29:32', '2017-10-06 13:29:32'),
(216, '1137294215', 'ေရဂ်ိက္ (5\")', 165, 300, 0, 5, 8, '2017-10-06 13:30:12', '2017-10-06 13:30:12'),
(217, '1153780124', '2 ေရဆင္း', 200, 400, 19, 4, 8, '2017-10-07 12:36:44', '2017-10-07 12:36:44'),
(218, '1294493562', '3 ေရဆင္း', 300, 500, 15, 5, 7, '2017-10-07 12:37:21', '2017-10-07 12:37:21'),
(219, '1288214460', '4 ေရပိတ္', 850, 1200, 10, 5, 8, '2017-10-07 12:38:41', '2017-10-07 12:38:41'),
(220, '1234337455', '5 ေရပိတ္', 900, 1500, 2, 5, 8, '2017-10-07 12:39:13', '2017-10-07 12:39:13'),
(221, '1348251224', 'စည္းတိတ္အေသး', 95, 200, 14, 5, 8, '2017-10-07 12:47:10', '2017-10-07 12:47:10'),
(222, '1178798598', 'စည္းတိတ္အႀကီး', 190, 300, 17, 5, 8, '2017-10-07 12:49:27', '2017-10-14 08:48:42'),
(223, '1297740921', 'Oci ၾကီး', 2500, 3500, 6, 5, 8, '2017-10-07 12:52:11', '2017-10-07 12:52:11'),
(224, '1182484404', 'Oci  အေသး', 920, 1200, 10, 5, 8, '2017-10-07 12:53:13', '2017-10-14 07:34:37'),
(225, '1188821017', 'P ေကာ္', 350, 500, 13, 5, 8, '2017-10-07 12:54:32', '2017-10-07 12:54:32'),
(226, '1340879413', 'Foot Value 1 ဘီလူးေခါင္အေသး  -------------', 600, 900, 12, 5, 7, '2017-10-07 13:08:42', '2017-10-14 08:48:42'),
(227, '1237219344', 'Shower 4  -------------', 1800, 3000, 3, 5, 8, '2017-10-08 09:52:05', '2017-10-08 10:39:16'),
(228, '1394347772', 'Shower 6  ----------------', 1900, 3000, 3, 5, 8, '2017-10-08 09:52:51', '2017-10-08 10:39:04'),
(229, '1343473341', 'Hang  spary   ( Thai )  ----------------', 4600, 6000, 3, 5, 8, '2017-10-08 09:55:41', '2017-10-08 09:55:41'),
(230, '1178966173', 'GUN  ---------------', 1350, 2000, 5, 4, 7, '2017-10-08 09:56:13', '2017-10-08 09:56:13'),
(231, '1329659889', 'ဝါရွာ 1/2  (Pipe)', 20, 50, 160, 3, 8, '2017-10-08 10:41:36', '2017-10-08 10:41:36'),
(232, '1303626174', 'ဝါရွာ 3/4  (Pipe)', 20, 50, 87, 3, 8, '2017-10-08 10:42:11', '2017-10-08 10:42:11'),
(233, '1260519232', 'ဝါရွာ 1  (Pipe)', 50, 100, 64, 3, 8, '2017-10-08 10:42:47', '2017-10-08 10:42:47'),
(234, '1389532781', 'ဝါရွာ 1 1/2  (Pipe)', 75, 150, 70, 3, 8, '2017-10-08 10:43:24', '2017-10-08 10:43:24'),
(235, '1212427849', 'ဝါရွာ 2  (Pipe)', 80, 150, 78, 3, 8, '2017-10-08 10:43:59', '2017-10-08 10:43:59'),
(236, '1207271998', 'ဝါရွာ 3  (Pipe)', 100, 200, 20, 3, 8, '2017-10-08 10:45:09', '2017-10-08 10:45:09'),
(237, '1305871042', 'ဝါရွာ 4  (Pipe)', 150, 300, 20, 3, 8, '2017-10-08 10:45:32', '2017-10-08 10:45:32'),
(238, '1291031803', 'Necal Tap 3/4', 1800, 2800, 19, 3, 8, '2017-10-08 10:49:59', '2017-10-08 10:49:59'),
(239, '1388647222', 'Necal Tap 1/2', 1600, 2000, 14, 3, 8, '2017-10-08 10:50:26', '2017-10-08 10:50:26'),
(240, '1348951545', 'BC Tap 3/4', 1250, 2000, 8, 3, 8, '2017-10-08 10:50:56', '2017-10-08 10:55:58'),
(241, '1287563912', 'BC Tap 1/2', 960, 1500, 5, 3, 8, '2017-10-08 10:52:06', '2017-10-08 10:52:06'),
(242, '1305637562', 'ISO Tap 1/2', 650, 1000, 5, 3, 8, '2017-10-08 10:52:58', '2017-10-08 10:52:58'),
(243, '1320567284', 'AZ Tap 1/2', 950, 1300, 11, 3, 8, '2017-10-08 10:54:02', '2017-10-08 10:54:02'),
(244, '1382862256', 'AZ Tap 3/4', 1120, 1600, 7, 3, 8, '2017-10-08 10:54:57', '2017-10-08 10:54:57'),
(245, '1154015959', 'နီပယ္ 1 x 1 ေကာ္  -------------', 100, 200, 4, 5, 8, '2017-10-14 06:23:01', '2017-10-14 06:23:01'),
(246, '1276751593', 'နီပယ္ 1 x 1 ေၾကး  -------------', 200, 500, 0, 5, 8, '2017-10-14 06:23:26', '2017-10-14 06:23:26'),
(247, '1182806323', 'နီပယ္ 3/4 x  3/4 ေကာ္', 100, 200, 10, 5, 8, '2017-10-14 06:24:16', '2017-10-14 06:24:16'),
(248, '1305460263', 'နီပယ္ 3/4 x 3/4 ေၾကး', 200, 500, 16, 5, 8, '2017-10-14 06:24:59', '2017-10-14 06:24:59'),
(249, '1401860860', 'နီပယ္ 1/2 x 1/2 ေကာ္', 100, 200, 7, 5, 8, '2017-10-14 06:25:42', '2017-10-14 06:25:42'),
(250, '1255186516', 'နီပယ္ 1/2 x 1/2 ေၾကး', 200, 500, 13, 5, 8, '2017-10-14 06:27:16', '2017-10-14 06:27:16'),
(251, '1342459604', 'နီပယ္ 1 x 3/4 ေကာ္', 100, 200, 11, 5, 8, '2017-10-14 06:28:05', '2017-10-14 06:28:05'),
(252, '1262793720', 'နီပယ္ 1 x 1/2 ေကာ္', 100, 200, 10, 5, 7, '2017-10-14 06:28:36', '2017-10-14 06:28:36'),
(253, '1367815600', 'နီပယ္ 1 x 1/2 ေၾကး', 200, 500, 3, 5, 8, '2017-10-14 06:29:36', '2017-10-14 06:29:36'),
(254, '1293530011', 'ဘူရွင္ 1 x 3/4 ေကာ္', 100, 200, 14, 5, 8, '2017-10-14 06:30:15', '2017-10-14 06:30:15'),
(255, '1214933951', 'ဘူရွင္ 1 x 3/4 ေၾကး', 200, 500, 6, 5, 8, '2017-10-14 06:30:52', '2017-10-14 06:30:52'),
(256, '1304128555', 'ဘူရွင္ 1 x 1/2 ေကာ္', 100, 200, 64, 5, 8, '2017-10-14 06:33:09', '2017-10-14 06:33:09'),
(257, '1377790928', 'ဘူရွင္ 3/4 x 1/2 ေၾကး', 200, 500, 7, 5, 8, '2017-10-14 06:33:32', '2017-10-14 06:33:32'),
(258, '1380593003', 'ဘူရွင္ 3/4 x 1/2 ေကာ္', 100, 200, 31, 5, 8, '2017-10-14 06:34:16', '2017-10-14 06:34:16'),
(259, '1339604566', 'ဘူရွင္ 1 x 1/2 ေၾကး', 200, 500, 0, 5, 8, '2017-10-14 06:35:53', '2017-10-14 06:35:53'),
(260, '1365752725', 'ေနာ္ဇယ္ 3/4 x 1/2 ေၾကး', 200, 500, 9, 5, 8, '2017-10-14 06:36:58', '2017-10-14 06:39:05'),
(261, '1114783073', 'ေနာ္ဇယ္ 1/2 x 1/2 ေၾကး', 200, 500, 3, 5, 8, '2017-10-14 06:37:26', '2017-10-14 06:37:26'),
(262, '1127372272', 'ေနာ္ဇယ္ 3/4 x 3/4 ေၾကး', 200, 500, 0, 5, 8, '2017-10-14 06:38:13', '2017-10-14 06:38:13'),
(263, '1214498343', 'ေနာ္ဇယ္ 1 x 1  ေၾကး', 200, 500, 0, 5, 8, '2017-10-14 06:38:51', '2017-10-14 06:38:51'),
(264, '1185577069', 'ေနာ္ဇယ္ 1 x 1/2  ေၾကး', 200, 500, 0, 5, 8, '2017-10-14 06:40:14', '2017-10-14 06:40:14'),
(265, '1354589952', 'ေနာ္ဇယ္ 1 x 3/4 ေၾကး', 200, 500, 0, 5, 8, '2017-10-14 06:40:46', '2017-10-14 06:40:46'),
(266, '1122366861', 'လည္ေခ်ာင္းပိုက္ အတို', 950, 1300, 1, 5, 8, '2017-10-14 06:42:20', '2017-10-14 06:42:20'),
(267, '1230830318', 'လည္ေခ်ာင္းပိုက္ အရွည္', 1000, 1500, 0, 5, 8, '2017-10-14 06:42:53', '2017-10-14 06:42:53'),
(268, '1279337762', 'ေရဆင္း အျပား 2\"', 200, 500, 7, 5, 8, '2017-10-14 06:43:57', '2017-10-14 06:43:57'),
(269, '1381289695', 'ေရဆင္း အျပား 3\"', 300, 600, 9, 3, 8, '2017-10-14 06:44:33', '2017-10-14 06:44:33'),
(270, '1143234060', 'ေရဆင္း အျပား 4\"', 350, 700, 1, 5, 8, '2017-10-14 06:45:03', '2017-10-14 06:45:03'),
(271, '1338775752', 'ဝွစ္ အတို', 350, 500, 11, 5, 8, '2017-10-14 06:46:36', '2017-10-14 06:46:36'),
(272, '1343423497', 'ဝွစ္ အရွည္', 1000, 1500, 3, 5, 8, '2017-10-14 06:47:12', '2017-10-14 06:47:12'),
(275, '1357052861', 'အိမ္သာပိုက္အပိတ္ 2', 200, 400, 11, 5, 8, '2017-10-14 06:51:13', '2017-10-14 06:51:13'),
(276, '1113755271', 'အိမ္သာပိုက္အပိတ္ 3', 250, 500, 4, 5, 8, '2017-10-14 06:51:48', '2017-10-14 06:51:48'),
(277, '1379903050', 'အိမ္သာပိုက္အပိတ္ 4', 300, 600, 14, 5, 8, '2017-10-14 06:52:21', '2017-10-14 06:52:21'),
(278, '1184576827', 'V Cap 1', 100, 200, 14, 5, 8, '2017-10-14 06:54:32', '2017-10-14 06:54:32'),
(279, '1372764619', 'V Cap 1 1/4', 150, 300, 3, 5, 8, '2017-10-14 06:54:48', '2017-10-14 06:55:36'),
(280, '1144306372', 'V Cap 1/2', 100, 200, 0, 5, 8, '2017-10-14 06:56:11', '2017-10-14 06:56:11'),
(281, '1117846878', 'V Cap 3/4', 100, 200, 0, 5, 8, '2017-10-14 06:56:35', '2017-10-14 06:56:35'),
(282, '1390983729', 'ကန္လွဲပိုက္ 1', 250, 500, 10, 5, 8, '2017-10-14 06:58:19', '2017-10-14 07:00:08'),
(283, '1145381000', 'ကန္လွဲပိုက္ 1 1/2', 300, 600, 4, 5, 8, '2017-10-14 07:00:51', '2017-10-14 07:00:51'),
(284, '1238626210', 'ကန္လွဲပိုက္ 2', 500, 100, 2, 5, 8, '2017-10-14 07:01:38', '2017-10-14 07:01:38'),
(285, '1277770141', 'သၾကန္ေနာ္ဇယ္ 1', 100, 200, 70, 5, 8, '2017-10-14 07:03:24', '2017-10-14 07:03:24'),
(286, '1119621035', 'သၾကန္ေနာ္ဇယ္ 3/4', 100, 200, 89, 5, 8, '2017-10-14 07:04:35', '2017-10-14 07:04:35'),
(287, '1184714174', 'သၾကန္ေနာ္ဇယ္ 1/2', 100, 200, 77, 5, 8, '2017-10-14 07:05:22', '2017-10-14 07:05:22'),
(288, '1177770290', 'ပိုက္အေပ်ာ႔အမာအဆက္ 1', 100, 200, 16, 5, 8, '2017-10-14 07:06:59', '2017-10-14 07:06:59'),
(289, '1286062042', 'ပိုက္အေပ်ာ႔အမာအဆက္ 3/4', 100, 200, 22, 5, 8, '2017-10-14 07:07:21', '2017-10-14 07:07:21'),
(290, '1151198335', 'ပိုက္အေပ်ာ႔အမာအဆက္ 1/2', 100, 200, 100, 5, 8, '2017-10-14 07:08:13', '2017-10-14 07:08:13'),
(291, '1257816604', 'ပိုက္အေပ်ာ႔ 1/2 အမာ 1 အဆက္', 100, 200, 16, 5, 8, '2017-10-14 07:09:28', '2017-10-14 07:09:28'),
(292, '1268662955', 'ပိုက္အေပ်ာ႔ 3/4 အမာ 1 အဆက္', 100, 200, 0, 5, 8, '2017-10-14 07:10:23', '2017-10-14 07:10:23'),
(293, '1219615172', 'ပိုက္အေပ်ာ႔ 1/2 အမာ 3/4 အဆက္', 100, 200, 0, 5, 8, '2017-10-14 07:11:05', '2017-10-14 07:11:05'),
(294, '1356918202', 'ပိုက္အေပ်ာ႔အေပ်ာ႔1 အဆက္', 100, 200, 1, 5, 8, '2017-10-14 07:11:51', '2017-10-14 07:11:51'),
(295, '1266257007', 'ပိုက္အေပ်ာ႔အေပ်ာ႔ 3/4 အဆက္', 100, 200, 9, 5, 8, '2017-10-14 07:12:37', '2017-10-14 07:12:37'),
(296, '1400404818', 'ပိုက္အေပ်ာ႔ အေပ်ာ႔ 1/2 အဆက္', 100, 200, 19, 5, 8, '2017-10-14 07:13:31', '2017-10-14 07:13:31'),
(297, '1386041390', 'ကလစ္ 1/2', 50, 100, 39, 5, 8, '2017-10-14 07:14:48', '2017-10-14 07:14:48'),
(298, '1256258750', 'ကလစ္ 3/4', 75, 150, 55, 5, 8, '2017-10-14 07:15:48', '2017-10-14 07:15:48'),
(299, '1325491592', 'ကလစ္ 1', 100, 200, 63, 5, 8, '2017-10-14 07:16:36', '2017-10-14 07:16:36'),
(300, '1163489945', 'ကလစ္ 1 1/4', 150, 300, 67, 5, 8, '2017-10-14 07:17:48', '2017-10-14 08:10:58'),
(301, '1265075379', 'ကလစ္ 2', 200, 350, 23, 5, 8, '2017-10-14 07:18:39', '2017-10-14 07:18:39'),
(302, '1252850054', 'ကလစ္ 3', 300, 500, 1, 5, 8, '2017-10-14 07:19:05', '2017-10-14 07:19:05'),
(303, '1111129932', 'ကလစ္ 4', 350, 700, 0, 5, 8, '2017-10-14 07:19:23', '2017-10-14 07:19:23');

-- --------------------------------------------------------

--
-- Table structure for table `migrations`
--

CREATE TABLE `migrations` (
  `id` int(10) UNSIGNED NOT NULL,
  `migration` varchar(191) COLLATE utf8mb4_unicode_ci NOT NULL,
  `batch` int(11) NOT NULL
) ENGINE=InnoDB DEFAULT CHARSET=utf8mb4 COLLATE=utf8mb4_unicode_ci;

--
-- Dumping data for table `migrations`
--

INSERT INTO `migrations` (`id`, `migration`, `batch`) VALUES
(1, '2014_10_12_000000_create_users_table', 1),
(2, '2014_10_12_100000_create_password_resets_table', 1),
(3, '2017_07_26_030706_create_units_table', 1),
(4, '2017_07_26_075024_create_product_types_table', 1),
(5, '2017_07_26_095249_create_customers_table', 1),
(6, '2017_07_28_053719_create_suppliers_table', 1),
(7, '2017_07_28_055846_create_items_table', 1),
(8, '2017_08_01_035537_create_inventories_table', 1),
(9, '2017_08_03_044307_create_sales_table', 1),
(10, '2017_08_03_055534_create_sale_items_table', 1),
(11, '2017_09_02_093507_create_credits_table', 1),
(12, '2017_09_07_084704_create_parchases_table', 1),
(13, '2017_09_07_084953_create_parchase_items_table', 1),
(14, '2017_09_17_103757_create_supplier_credits_table', 2),
(15, '2017_09_19_110123_create_categories_table', 3),
(16, '2017_09_19_110131_create_expenses_table', 3);

-- --------------------------------------------------------

--
-- Table structure for table `parchases`
--

CREATE TABLE `parchases` (
  `id` int(10) UNSIGNED NOT NULL,
  `code` varchar(191) COLLATE utf8mb4_unicode_ci NOT NULL,
  `supplier_id` int(11) DEFAULT NULL,
  `payment_type` varchar(191) COLLATE utf8mb4_unicode_ci NOT NULL,
  `cash` varchar(191) COLLATE utf8mb4_unicode_ci DEFAULT NULL,
  `total` int(11) NOT NULL,
  `created_at` timestamp NULL DEFAULT NULL,
  `updated_at` timestamp NULL DEFAULT NULL
) ENGINE=InnoDB DEFAULT CHARSET=utf8mb4 COLLATE=utf8mb4_unicode_ci;

-- --------------------------------------------------------

--
-- Table structure for table `parchase_items`
--

CREATE TABLE `parchase_items` (
  `id` int(10) UNSIGNED NOT NULL,
  `purchase_id` int(11) NOT NULL,
  `item_id` int(11) NOT NULL,
  `cost` int(11) NOT NULL,
  `price` int(11) NOT NULL,
  `total_cost` int(11) NOT NULL,
  `total_price` int(11) NOT NULL,
  `qty` int(11) NOT NULL,
  `created_at` timestamp NULL DEFAULT NULL,
  `updated_at` timestamp NULL DEFAULT NULL
) ENGINE=InnoDB DEFAULT CHARSET=utf8mb4 COLLATE=utf8mb4_unicode_ci;

-- --------------------------------------------------------

--
-- Table structure for table `password_resets`
--

CREATE TABLE `password_resets` (
  `email` varchar(191) COLLATE utf8mb4_unicode_ci NOT NULL,
  `token` varchar(191) COLLATE utf8mb4_unicode_ci NOT NULL,
  `created_at` timestamp NULL DEFAULT NULL
) ENGINE=InnoDB DEFAULT CHARSET=utf8mb4 COLLATE=utf8mb4_unicode_ci;

-- --------------------------------------------------------

--
-- Table structure for table `product_types`
--

CREATE TABLE `product_types` (
  `id` int(10) UNSIGNED NOT NULL,
  `code` varchar(191) COLLATE utf8mb4_unicode_ci NOT NULL,
  `desp` varchar(191) COLLATE utf8mb4_unicode_ci NOT NULL,
  `created_at` timestamp NULL DEFAULT NULL,
  `updated_at` timestamp NULL DEFAULT NULL
) ENGINE=InnoDB DEFAULT CHARSET=utf8mb4 COLLATE=utf8mb4_unicode_ci;

--
-- Dumping data for table `product_types`
--

INSERT INTO `product_types` (`id`, `code`, `desp`, `created_at`, `updated_at`) VALUES
(1, 'Cement', 'Cement', '2017-09-09 04:41:39', '2017-09-09 04:41:39'),
(2, 'Betin', 'Betin', '2017-09-19 05:18:28', '2017-09-19 05:18:28'),
(3, 'Celling', 'Celling', '2017-09-19 05:18:35', '2017-09-19 05:18:35'),
(4, 'Flat', 'Flat', '2017-09-19 05:18:46', '2017-09-19 05:18:46'),
(5, 'Iron', 'Iron', '2017-09-19 05:18:58', '2017-09-19 05:18:58'),
(6, 'Konma', 'Konma', '2017-09-19 05:19:25', '2017-09-19 05:19:25'),
(7, 'Motor', 'Motor', '2017-09-19 05:19:38', '2017-09-19 05:19:38'),
(8, 'Pipe', 'Pipe', '2017-09-19 05:19:51', '2017-09-19 05:19:51'),
(9, 'Than Za Kar', 'Than Za Kar', '2017-09-19 05:20:05', '2017-09-19 05:20:05'),
(10, 'Zinc', 'Zinc', '2017-09-19 05:20:14', '2017-09-19 05:20:14');

-- --------------------------------------------------------

--
-- Table structure for table `sales`
--

CREATE TABLE `sales` (
  `id` int(10) UNSIGNED NOT NULL,
  `code` varchar(191) COLLATE utf8mb4_unicode_ci NOT NULL,
  `customer_id` int(11) DEFAULT NULL,
  `payment_type` varchar(191) COLLATE utf8mb4_unicode_ci NOT NULL,
  `cash` varchar(191) COLLATE utf8mb4_unicode_ci DEFAULT NULL,
  `discount` int(11) DEFAULT NULL,
  `total` int(11) NOT NULL,
  `profit` int(11) NOT NULL,
  `created_at` timestamp NULL DEFAULT NULL,
  `updated_at` timestamp NULL DEFAULT NULL
) ENGINE=InnoDB DEFAULT CHARSET=utf8mb4 COLLATE=utf8mb4_unicode_ci;

--
-- Dumping data for table `sales`
--

INSERT INTO `sales` (`id`, `code`, `customer_id`, `payment_type`, `cash`, `discount`, `total`, `profit`, `created_at`, `updated_at`) VALUES
(1, '00000001', NULL, 'cash', NULL, 0, 15450, 5244, '2017-10-14 07:34:37', '2017-10-14 07:34:37'),
(2, '3950', NULL, 'cash', NULL, NULL, 33250, 9795, '2017-10-14 08:48:42', '2017-10-14 11:00:33'),
(3, '3950', NULL, 'cash', NULL, 250, 9000, 2450, '2017-10-14 10:58:56', '2017-10-14 10:58:56');

-- --------------------------------------------------------

--
-- Table structure for table `sale_items`
--

CREATE TABLE `sale_items` (
  `id` int(10) UNSIGNED NOT NULL,
  `sale_id` int(11) NOT NULL,
  `item_id` int(11) NOT NULL,
  `cost` int(11) NOT NULL,
  `price` int(11) NOT NULL,
  `total_cost` int(11) NOT NULL,
  `total_price` int(11) NOT NULL,
  `total_profix` int(11) NOT NULL,
  `qty` int(11) NOT NULL,
  `created_at` timestamp NULL DEFAULT NULL,
  `updated_at` timestamp NULL DEFAULT NULL
) ENGINE=InnoDB DEFAULT CHARSET=utf8mb4 COLLATE=utf8mb4_unicode_ci;

--
-- Dumping data for table `sale_items`
--

INSERT INTO `sale_items` (`id`, `sale_id`, `item_id`, `cost`, `price`, `total_cost`, `total_price`, `total_profix`, `qty`, `created_at`, `updated_at`) VALUES
(14, 1, 207, 100, 200, 200, 400, 200, 2, '2017-10-14 08:11:33', '2017-10-14 08:11:33'),
(15, 1, 62, 1352, 1900, 2704, 3800, 1096, 2, '2017-10-14 08:11:33', '2017-10-14 08:11:33'),
(16, 1, 87, 75, 150, 75, 150, 75, 1, '2017-10-14 08:11:33', '2017-10-14 08:11:33'),
(17, 1, 115, 23, 50, 46, 100, 54, 2, '2017-10-14 08:11:33', '2017-10-14 08:11:33'),
(18, 1, 116, 31, 100, 31, 100, 69, 1, '2017-10-14 08:11:33', '2017-10-14 08:11:33'),
(19, 1, 108, 255, 350, 255, 350, 95, 1, '2017-10-14 08:11:33', '2017-10-14 08:11:33'),
(20, 1, 204, 740, 1000, 1480, 2000, 520, 2, '2017-10-14 08:11:33', '2017-10-14 08:11:33'),
(21, 1, 224, 920, 1200, 920, 1200, 280, 1, '2017-10-14 08:11:33', '2017-10-14 08:11:33'),
(22, 1, 175, 100, 250, 100, 250, 150, 1, '2017-10-14 08:11:33', '2017-10-14 08:11:33'),
(23, 1, 127, 1300, 1800, 2600, 3600, 1000, 2, '2017-10-14 08:11:33', '2017-10-14 08:11:33'),
(24, 1, 300, 150, 300, 1500, 3000, 1500, 10, '2017-10-14 08:11:33', '2017-10-14 08:11:33'),
(25, 1, 141, 95, 200, 95, 200, 105, 1, '2017-10-14 08:11:33', '2017-10-14 08:11:33'),
(26, 1, 174, 200, 300, 200, 300, 100, 1, '2017-10-14 08:11:33', '2017-10-14 08:11:33'),
(36, 3, 63, 1850, 2500, 5550, 7500, 1950, 3, '2017-10-14 10:58:56', '2017-10-14 10:58:56'),
(37, 3, 208, 180, 300, 540, 900, 360, 3, '2017-10-14 10:58:56', '2017-10-14 10:58:56'),
(38, 3, 88, 120, 200, 360, 600, 240, 3, '2017-10-14 10:58:56', '2017-10-14 10:58:56'),
(39, 3, 175, 100, 250, 100, 250, 150, 1, '2017-10-14 10:58:56', '2017-10-14 10:58:56'),
(40, 2, 96, 110, 250, 220, 500, 280, 2, '2017-10-14 11:00:33', '2017-10-14 11:00:33'),
(41, 2, 123, 610, 1000, 610, 1000, 390, 1, '2017-10-14 11:00:33', '2017-10-14 11:00:33'),
(42, 2, 208, 180, 300, 2160, 3600, 1440, 12, '2017-10-14 11:00:33', '2017-10-14 11:00:33'),
(43, 2, 108, 255, 350, 765, 1050, 285, 3, '2017-10-14 11:00:33', '2017-10-14 11:00:33'),
(44, 2, 63, 1850, 2500, 14800, 20000, 5200, 8, '2017-10-14 11:00:33', '2017-10-14 11:00:33'),
(45, 2, 88, 120, 200, 960, 1600, 640, 8, '2017-10-14 11:00:33', '2017-10-14 11:00:33'),
(46, 2, 222, 190, 300, 380, 600, 220, 2, '2017-10-14 11:00:33', '2017-10-14 11:00:33'),
(47, 2, 226, 600, 900, 600, 900, 300, 1, '2017-10-14 11:00:33', '2017-10-14 11:00:33'),
(48, 2, 204, 740, 1000, 2960, 4000, 1040, 4, '2017-10-14 11:00:33', '2017-10-14 11:00:33');

-- --------------------------------------------------------

--
-- Table structure for table `suppliers`
--

CREATE TABLE `suppliers` (
  `id` int(10) UNSIGNED NOT NULL,
  `name` varchar(191) COLLATE utf8mb4_unicode_ci NOT NULL,
  `phone` varchar(191) COLLATE utf8mb4_unicode_ci NOT NULL,
  `address` text COLLATE utf8mb4_unicode_ci NOT NULL,
  `created_at` timestamp NULL DEFAULT NULL,
  `updated_at` timestamp NULL DEFAULT NULL
) ENGINE=InnoDB DEFAULT CHARSET=utf8mb4 COLLATE=utf8mb4_unicode_ci;

--
-- Dumping data for table `suppliers`
--

INSERT INTO `suppliers` (`id`, `name`, `phone`, `address`, `created_at`, `updated_at`) VALUES
(2, 'ရတနာသိန္း', '01-642832,095043615', 'ေစာဘြားၾကီးကုန္း', '2017-10-14 08:51:40', '2017-10-14 08:51:40');

-- --------------------------------------------------------

--
-- Table structure for table `supplier_credits`
--

CREATE TABLE `supplier_credits` (
  `id` int(10) UNSIGNED NOT NULL,
  `supplier_id` int(11) NOT NULL,
  `amount` int(11) NOT NULL,
  `is_payback` tinyint(1) NOT NULL DEFAULT '0',
  `remark` varchar(191) COLLATE utf8mb4_unicode_ci NOT NULL,
  `created_at` timestamp NULL DEFAULT NULL,
  `updated_at` timestamp NULL DEFAULT NULL
) ENGINE=InnoDB DEFAULT CHARSET=utf8mb4 COLLATE=utf8mb4_unicode_ci;

-- --------------------------------------------------------

--
-- Table structure for table `units`
--

CREATE TABLE `units` (
  `id` int(10) UNSIGNED NOT NULL,
  `code` varchar(191) COLLATE utf8mb4_unicode_ci NOT NULL,
  `desp` varchar(191) COLLATE utf8mb4_unicode_ci NOT NULL,
  `created_at` timestamp NULL DEFAULT NULL,
  `updated_at` timestamp NULL DEFAULT NULL
) ENGINE=InnoDB DEFAULT CHARSET=utf8mb4 COLLATE=utf8mb4_unicode_ci;

--
-- Dumping data for table `units`
--

INSERT INTO `units` (`id`, `code`, `desp`, `created_at`, `updated_at`) VALUES
(1, 'Bag', 'Bag', '2017-09-09 04:41:29', '2017-09-19 05:17:10'),
(2, 'Feet', 'Feet', '2017-09-19 05:17:25', '2017-09-19 05:17:25'),
(3, 'Flat', 'Flat', '2017-09-19 05:17:35', '2017-09-19 05:17:35'),
(4, 'Kg', 'Kilogram', '2017-09-19 05:17:45', '2017-09-19 05:17:45'),
(5, 'Stick', 'Stick', '2017-09-19 05:18:03', '2017-09-19 05:18:03'),
(6, 'Viss', 'Viss', '2017-09-19 05:18:11', '2017-09-19 05:18:11');

-- --------------------------------------------------------

--
-- Table structure for table `users`
--

CREATE TABLE `users` (
  `id` int(10) UNSIGNED NOT NULL,
  `name` varchar(191) COLLATE utf8mb4_unicode_ci NOT NULL,
  `email` varchar(191) COLLATE utf8mb4_unicode_ci NOT NULL,
  `password` varchar(191) COLLATE utf8mb4_unicode_ci NOT NULL,
  `remember_token` varchar(100) COLLATE utf8mb4_unicode_ci DEFAULT NULL,
  `created_at` timestamp NULL DEFAULT NULL,
  `updated_at` timestamp NULL DEFAULT NULL
) ENGINE=InnoDB DEFAULT CHARSET=utf8mb4 COLLATE=utf8mb4_unicode_ci;

--
-- Dumping data for table `users`
--

INSERT INTO `users` (`id`, `name`, `email`, `password`, `remember_token`, `created_at`, `updated_at`) VALUES
(1, 'admin', 'admin@saytanar.com', '$2y$10$oG2lcRZz3/b4sl6nZk5AKejATfJITHZZjOsjMpijMupJ3Q43x2ZLS', 'qvmWro23LLv8FPyfBtj4joysaoS75SXExdXMGTCZ7VLmHDzeQVV8M1LlGTZv', '2017-09-09 04:40:18', '2017-09-09 04:40:18');

--
-- Indexes for dumped tables
--

--
-- Indexes for table `categories`
--
ALTER TABLE `categories`
  ADD PRIMARY KEY (`id`);

--
-- Indexes for table `credits`
--
ALTER TABLE `credits`
  ADD PRIMARY KEY (`id`);

--
-- Indexes for table `customers`
--
ALTER TABLE `customers`
  ADD PRIMARY KEY (`id`);

--
-- Indexes for table `expenses`
--
ALTER TABLE `expenses`
  ADD PRIMARY KEY (`id`);

--
-- Indexes for table `inventories`
--
ALTER TABLE `inventories`
  ADD PRIMARY KEY (`id`);

--
-- Indexes for table `items`
--
ALTER TABLE `items`
  ADD PRIMARY KEY (`id`);

--
-- Indexes for table `migrations`
--
ALTER TABLE `migrations`
  ADD PRIMARY KEY (`id`);

--
-- Indexes for table `parchases`
--
ALTER TABLE `parchases`
  ADD PRIMARY KEY (`id`);

--
-- Indexes for table `parchase_items`
--
ALTER TABLE `parchase_items`
  ADD PRIMARY KEY (`id`);

--
-- Indexes for table `password_resets`
--
ALTER TABLE `password_resets`
  ADD KEY `password_resets_email_index` (`email`);

--
-- Indexes for table `product_types`
--
ALTER TABLE `product_types`
  ADD PRIMARY KEY (`id`);

--
-- Indexes for table `sales`
--
ALTER TABLE `sales`
  ADD PRIMARY KEY (`id`);

--
-- Indexes for table `sale_items`
--
ALTER TABLE `sale_items`
  ADD PRIMARY KEY (`id`);

--
-- Indexes for table `suppliers`
--
ALTER TABLE `suppliers`
  ADD PRIMARY KEY (`id`),
  ADD UNIQUE KEY `suppliers_name_unique` (`name`);

--
-- Indexes for table `supplier_credits`
--
ALTER TABLE `supplier_credits`
  ADD PRIMARY KEY (`id`);

--
-- Indexes for table `units`
--
ALTER TABLE `units`
  ADD PRIMARY KEY (`id`);

--
-- Indexes for table `users`
--
ALTER TABLE `users`
  ADD PRIMARY KEY (`id`),
  ADD UNIQUE KEY `users_email_unique` (`email`);

--
-- AUTO_INCREMENT for dumped tables
--

--
-- AUTO_INCREMENT for table `categories`
--
ALTER TABLE `categories`
  MODIFY `id` int(10) UNSIGNED NOT NULL AUTO_INCREMENT, AUTO_INCREMENT=7;
--
-- AUTO_INCREMENT for table `credits`
--
ALTER TABLE `credits`
  MODIFY `id` int(10) UNSIGNED NOT NULL AUTO_INCREMENT, AUTO_INCREMENT=8;
--
-- AUTO_INCREMENT for table `customers`
--
ALTER TABLE `customers`
  MODIFY `id` int(10) UNSIGNED NOT NULL AUTO_INCREMENT, AUTO_INCREMENT=2;
--
-- AUTO_INCREMENT for table `expenses`
--
ALTER TABLE `expenses`
  MODIFY `id` int(10) UNSIGNED NOT NULL AUTO_INCREMENT;
--
-- AUTO_INCREMENT for table `inventories`
--
ALTER TABLE `inventories`
  MODIFY `id` int(10) UNSIGNED NOT NULL AUTO_INCREMENT, AUTO_INCREMENT=256;
--
-- AUTO_INCREMENT for table `items`
--
ALTER TABLE `items`
  MODIFY `id` int(10) UNSIGNED NOT NULL AUTO_INCREMENT, AUTO_INCREMENT=304;
--
-- AUTO_INCREMENT for table `migrations`
--
ALTER TABLE `migrations`
  MODIFY `id` int(10) UNSIGNED NOT NULL AUTO_INCREMENT, AUTO_INCREMENT=17;
--
-- AUTO_INCREMENT for table `parchases`
--
ALTER TABLE `parchases`
  MODIFY `id` int(10) UNSIGNED NOT NULL AUTO_INCREMENT, AUTO_INCREMENT=5;
--
-- AUTO_INCREMENT for table `parchase_items`
--
ALTER TABLE `parchase_items`
  MODIFY `id` int(10) UNSIGNED NOT NULL AUTO_INCREMENT, AUTO_INCREMENT=10;
--
-- AUTO_INCREMENT for table `product_types`
--
ALTER TABLE `product_types`
  MODIFY `id` int(10) UNSIGNED NOT NULL AUTO_INCREMENT, AUTO_INCREMENT=11;
--
-- AUTO_INCREMENT for table `sales`
--
ALTER TABLE `sales`
  MODIFY `id` int(10) UNSIGNED NOT NULL AUTO_INCREMENT, AUTO_INCREMENT=4;
--
-- AUTO_INCREMENT for table `sale_items`
--
ALTER TABLE `sale_items`
  MODIFY `id` int(10) UNSIGNED NOT NULL AUTO_INCREMENT, AUTO_INCREMENT=49;
--
-- AUTO_INCREMENT for table `suppliers`
--
ALTER TABLE `suppliers`
  MODIFY `id` int(10) UNSIGNED NOT NULL AUTO_INCREMENT, AUTO_INCREMENT=3;
--
-- AUTO_INCREMENT for table `supplier_credits`
--
ALTER TABLE `supplier_credits`
  MODIFY `id` int(10) UNSIGNED NOT NULL AUTO_INCREMENT, AUTO_INCREMENT=2;
--
-- AUTO_INCREMENT for table `units`
--
ALTER TABLE `units`
  MODIFY `id` int(10) UNSIGNED NOT NULL AUTO_INCREMENT, AUTO_INCREMENT=7;
--
-- AUTO_INCREMENT for table `users`
--
ALTER TABLE `users`
  MODIFY `id` int(10) UNSIGNED NOT NULL AUTO_INCREMENT, AUTO_INCREMENT=2;COMMIT;

/*!40101 SET CHARACTER_SET_CLIENT=@OLD_CHARACTER_SET_CLIENT */;
/*!40101 SET CHARACTER_SET_RESULTS=@OLD_CHARACTER_SET_RESULTS */;
/*!40101 SET COLLATION_CONNECTION=@OLD_COLLATION_CONNECTION */;
