id,code,name,cost,wholesale_price,price,qty,unit_id,producttype_id,created_at,updated_at
2,1424680097,FF 6mskyboard,8300,0,10000,180,5,2,2019-01-16 07:00:05,2019-08-03 06:37:51
3,1874355754,FF 4.5skyboard,7500,0,8500,8,5,2,2019-01-16 07:03:08,2019-07-23 07:34:25
5,1239985072,FF blackboard,16300,0,17000,0,5,2,2019-01-16 07:20:29,2019-07-24 07:53:16
6,1377858400,FF 8x4ငါးထပ္သား6m,9900,0,11000,0,5,2,2019-01-16 07:22:23,2019-06-28 04:54:23
7,1267108854,FF 8x4သံုးထပ္သား,6900,0,8000,3,5,2,2019-01-16 07:24:22,2019-06-28 04:53:08
8,2110939333,FF ေဖာ္ေမကာ016,0,0,8500,6,5,2,2019-01-16 07:25:35,2019-06-24 06:17:02
13,1408306563,TT ခ်ိန္းလိတ္pvc၃,24500,0,28000,6,5,4,2019-01-16 07:38:12,2019-06-24 06:17:02
14,1906534985,TT ခ်ိန္းလိတ္pvc၂,0,0,0,0,5,4,2019-01-16 07:38:35,2019-06-04 13:09:09
23,1247233756,II gi4x2,15500,0,17000,13,3,1,2019-01-16 07:54:54,2019-06-28 03:33:59
26,1183424761,FF 8mskyboard,0,0,14000,30,5,2,2019-04-28 14:23:05,2019-06-24 06:17:02
27,1455674052,FF 6x3သံုးထပ္သား,5100,0,6000,6,5,2,2019-04-28 14:27:56,2019-08-20 05:03:36
28,1594413014,ZZd0 4angleေခါင္းအုပ္သပြ္အစိမ္း ၁၀ ေပ,4500,0,6000,13,7,5,2019-04-28 14:34:11,2019-08-03 04:36:32
29,1504214968,ZZd1 4angleေခါင္းအုပ္သပြ္အစိမ္း ၁၂ ေပ,5400,0,7200,18,7,5,2019-04-28 14:36:57,2019-08-03 04:36:08
30,1308561962,ZZc4 4angleအစိမ္း ၁၀ ေပ,8500,0,9500,0,7,5,2019-04-28 14:37:52,2019-06-08 14:04:44
31,1417161458,ZZc5 4angleအစိမ္း ၁၁ ေပ,9350,0,10450,29,7,5,2019-04-28 14:38:39,2019-06-08 14:05:07
32,1195539009,ZZc6 4angleအစိမ္း ၁၂ ေပ,10200,0,11400,24,7,5,2019-04-28 14:39:24,2019-06-08 14:05:52
33,1817396814,ZZc3 4angleအစိမ္း ၉ ေပ,7650,0,8550,1,7,5,2019-04-28 14:40:06,2019-06-08 14:04:06
34,1667553377,ZZc2 4angleအစိမ္း ၈ ေပ,6800,0,7600,5,7,4,2019-04-28 14:40:56,2019-06-08 14:01:16
35,2086186897,ZZc1 4angleအစိမ္း ၇ ေပ,5950,0,6650,25,7,5,2019-04-28 14:41:36,2019-06-28 04:09:39
36,1305684660,ZZc0 4angleအစိမ္း ၆ ေပ,5100,0,5700,28,7,5,2019-04-28 14:44:43,2019-06-28 04:09:22
37,1158793468,PPp0 pipe1/2,1334,0,1600,50,3,6,2019-04-28 14:46:56,2019-06-24 05:58:54
38,1460763432,PPp1 pipe3/4,1616,0,2000,30,7,5,2019-04-28 14:47:31,2019-08-03 04:55:34
39,1971857103,PPp2 pipe1,2155,0,2500,32,8,6,2019-04-28 14:48:05,2019-06-24 05:58:54
40,1262674804,PPp3 pipe11/4,2939,0,3500,11,7,6,2019-04-28 14:48:42,2019-07-24 06:35:42
41,1345031461,PPp5 pipe2,5778,0,6000,10,8,6,2019-04-28 14:49:15,2019-06-24 05:58:54
42,1394242651,PPp4 pipe11/2,3861,0,4500,8,3,6,2019-04-28 14:49:52,2019-06-24 05:58:54
43,2056930785,PPp6 pipe3,12270,0,15000,3,7,6,2019-04-28 14:50:17,2019-08-21 06:59:20
44,1202847022,PPp7 pipe4,16428,0,19000,1,8,6,2019-04-28 14:50:44,2019-07-23 07:05:34
45,1789797526,PPg0 ေရဒေယာက္4တို,463,0,700,9,5,6,2019-04-28 14:52:14,2019-07-04 03:55:12
46,1495084792,PPg5 ေရဒေယာက္ပိတ္5ညာ,657,0,1000,5,8,6,2019-04-28 14:52:51,2019-07-04 04:04:39
47,1947576692,PPg11 ေရဒေယာက္ပိတ္4ညာ,461,0,750,7,8,6,2019-04-28 14:54:20,2019-07-28 07:03:33
48,1583187814,PPg15 ေရဆင္း3,310,0,600,4,5,6,2019-04-28 14:55:04,2019-07-04 03:59:50
49,1318015825,PPg14 ေရဆင္း2,200,0,500,7,8,5,2019-04-28 14:56:24,2019-07-28 07:03:33
50,1172216574,PPg13 ေရဒေယာက္ျဂိတ္4,200,0,300,12,8,6,2019-04-28 14:59:43,2019-07-28 07:03:33
51,1630526566,PPg12 ေရဒေယာက္ျဂိတ္5,280,0,400,18,8,6,2019-04-28 15:00:34,2019-08-03 04:16:54
52,1562671605,II defond10m,5055,0,5500,11,3,1,2019-04-29 14:40:40,2019-07-09 08:26:59
53,1985485085,II defond12m,6700,0,7000,114,3,1,2019-04-29 14:41:19,2019-07-08 09:25:48
54,1879352205,II defond16m,11900,0,13000,33,3,1,2019-04-29 14:41:53,2019-07-08 09:26:08
55,1774826810,II coin6.5m,50000,0,55000,4,8,1,2019-04-29 14:42:40,2019-08-21 04:55:11
56,00001,CC alpha,6900,0,7300,0,2,3,2019-05-26 15:18:13,2019-07-08 09:51:48
57,00002,CC elephant,7100,0,7500,20,2,3,2019-05-26 15:19:10,2019-08-21 04:55:11
58,00003,CC redrhino,6700,0,7000,38,2,3,2019-05-26 15:20:40,2019-08-21 07:01:49
59,00004,CC whitecement,800,0,1000,5,2,3,2019-05-26 15:21:32,2019-08-21 03:59:03
60,2085292792,ZZb0 လိုင္းသပြ္၁၁လိုင္း ၆ ေပ,3240,0,3900,12,7,5,2019-05-26 15:37:03,2019-06-15 06:28:43
61,2101488649,ZZb1 လိုင္းသပြ္၁၁လိုင္း ၇ ေပ,3780,0,4550,28,7,5,2019-05-26 15:38:16,2019-07-23 07:05:34
62,1607161671,ZZb2 လိုင္းသပြ္၁၁လိုင္း ၈ ေပ,4320,0,5200,28,7,5,2019-05-26 15:38:47,2019-06-28 04:07:50
63,1754440607,ZZb3 လိုင္းသပြ္၁၁လိုင္း ၉ ေပ,4860,0,5850,11,7,5,2019-05-26 15:39:16,2019-08-21 03:59:03
64,1271274432,ZZb4 လိုင္းသပြ္၁၁လိုင္း ၁၀ ေပ,5400,0,6500,22,7,5,2019-05-26 15:39:39,2019-08-03 04:16:54
65,1137083928,ZZa5 လိုင္းသပြ္၉လိုင္း ၁၁ ေပ,5060,0,5720,44,7,5,2019-05-26 15:40:07,2019-06-28 03:56:39
66,2131598946,ZZb6 လိုင္းသပြ္၁၁လိုင္း ၁၂ ေပ,6480,0,7800,37,7,5,2019-05-26 15:40:34,2019-08-09 02:47:08
67,1501291943,ZZa1 လိုင္းသြပ္၉လိုင္း ၇ ေပ,3220,0,3640,35,7,5,2019-05-26 15:42:43,2019-07-14 09:13:31
68,1365400084,ZZa0 လိုင္းသပြ္၉လိုင္း ၆ ေပ,2760,0,3120,25,7,5,2019-05-26 15:43:01,2019-08-20 05:01:08
69,1247312141,ZZa2 လိုင္းသပြ္၉လိုင္း ၈ ေပ,3680,0,4160,50,7,5,2019-05-26 15:43:38,2019-07-05 04:59:46
70,1157259540,ZZa3 လိုင္းသပြ္၉လိုင္း ၉ ေပ,4140,0,4680,24,7,5,2019-05-26 15:43:59,2019-06-28 03:55:59
71,1754225577,ZZa4 လိုင္းသပြ္၉လိုင္း ၁၀ ေပ,4600,0,5200,2,7,5,2019-05-26 15:44:31,2019-06-08 12:58:11
72,1632632695,ZZb5 လိုင္းသပြ္၁၁လိုင္း ၁၁ ေပ,5060,0,5720,61,7,5,2019-05-26 15:44:55,2019-06-28 04:08:40
73,1970111730,ZZa6 လိုင္းသပြ္၉လိုင္း ၁၂ ေပ,5520,0,6240,14,5,5,2019-05-26 15:46:08,2019-06-08 12:58:40
74,1111p2,ZZi0 ပလိန္းေျပာင္ ၂ ေပ,350,0,500,96,7,5,2019-05-26 15:49:03,2019-08-01 05:38:20
75,1111p1,ZZi1 ပလိန္းေျပာင္ ၁ ေပခဲြ,300,0,400,19,7,5,2019-05-26 15:50:22,2019-08-01 05:37:52
76,2032737999,ZZh2 ပလိန္းျပာအျပားေရာင္အထူ ၂ ေပ,0,0,0,0,7,5,2019-05-26 15:51:22,2019-06-08 14:19:03
77,1829908213,ZZe1 ပလိန္းျပားအျပာေရာင္အပါး ၃ ေပ,0,0,0,0,7,5,2019-05-26 15:51:47,2019-06-08 14:14:50
78,1389812723,ZZe0 ပလိန္းျပားအျပာေရာင္အပါး ၄ ေပ,0,0,0,0,7,5,2019-05-26 15:52:13,2019-06-08 14:14:36
79,1160304983,ZZe2 ပလိန္းျပားအျပာေရာင္အပါး ၂ ေပ,0,0,0,0,7,5,2019-05-26 15:53:18,2019-06-08 14:14:14
80,2052800258,ZZh1 ပလိန္းျပာအျပားေရာင္အထူ ၃ ေပ,0,0,0,0,7,5,2019-05-26 15:53:42,2019-06-08 14:18:33
81,1298949806,ZZh0 ပလိန္းျပာအျပားေရာင္အထူ ၄ ေပ,1400,0,1600,34,7,1,2019-05-26 15:54:12,2019-06-28 04:12:04
82,1471812135,ZZf2 ပလိန္းျပားအစိမ္းေရာင္အပါး ၂ ေပ,0,0,0,0,7,5,2019-05-26 15:55:15,2019-06-08 14:16:28
83,1439600111,ZZg1 ပလိန္းျပားအစိမ္းေရာင္အထူ ၃ ေပ,0,0,0,0,7,5,2019-05-26 15:55:40,2019-06-08 14:17:09
84,2132963404,ZZg0 ပလိန္းျပားအစိမ္းေရာင္အထူ ၄ ေပ,0,0,0,0,7,5,2019-05-26 15:56:09,2019-06-08 14:16:53
85,1287645385,ZZg2 ပလိန္းျပားအစိမ္းေရာင္အထူ ၂ ေပ,0,0,0,0,7,5,2019-05-26 15:57:10,2019-06-08 14:17:35
86,2102863777,ZZf1 ပလိန္းျပားအစိမ္းေရာင္အပါး ၃ ေပ,0,0,0,0,7,5,2019-05-26 15:57:51,2019-06-08 14:16:09
87,1878582211,ZZf0 ပလိန္းျပားအစိမ္းေရာင္အပါး ၄ ေပ,0,0,0,0,7,5,2019-05-26 15:58:13,2019-06-08 14:15:44
88,1307628213,FF 6mtpi,9900,0,11000,57,5,2,2019-05-26 16:18:21,2019-06-06 13:26:51
89,1111sr2,ZZj1 ဆန္းရွိတ္အအနီ ၃ ေပ,1500,0,1800,1,7,5,2019-05-27 00:30:57,2019-08-01 05:36:36
90,1111sb1,ZZj0 ဆန္းရွိတ္အျပာ ၄ ေပ,2000,0,2400,3,7,5,2019-05-27 00:31:35,2019-08-01 05:37:18
91,1111sg1,ZZj3 ဆန္းရွိတ္အစိမ္း ၃ ေပ,1500,0,1800,0,5,5,2019-05-27 00:32:10,2019-08-01 05:35:05
92,1111sg2,ZZj2 ဆန္းရွိတ္အစိမ္း ၄ ေပ,2000,0,2400,6,7,5,2019-05-27 00:32:28,2019-08-01 05:42:28
93,1111sk3,ZZj5 ဆန္းရွိတ္ဂိုင္ ၃ ေပ,1800,0,2100,0,7,5,2019-05-27 00:34:10,2019-08-01 05:33:25
94,1111sk2,ZZj4 ဆန္းရွိတ္ဂိုင္ ၄ ေပ,2400,0,2800,3,7,5,2019-05-27 00:34:31,2019-08-01 05:34:07
95,1748556157,FF composite,0,0,0,0,5,2,2019-05-27 00:37:13,2019-06-06 13:54:34
96,1483812768,FF scg2x2,900,0,1100,165,5,2,2019-05-27 00:38:17,2019-07-09 04:19:20
97,1781923489,FF pvc2x2,800,0,1000,114,5,2,2019-05-27 00:38:47,2019-06-28 04:51:51
98,1589054519,FF 6x3ငါးထပ္သား6m,7500,0,9000,1,5,2,2019-05-27 00:40:07,2019-06-29 08:24:42
99,1995813101,FF scg4x4,0,0,0,0,5,2,2019-05-27 00:40:57,2019-06-06 13:55:22
100,1378266011,II coin5.5m,1700,0,2000,13,8,1,2019-05-27 00:43:05,2019-06-28 03:51:38
101,1462809300,II coin8.5,0,0,0,0,8,1,2019-05-27 00:43:36,2019-06-06 13:57:54
102,1189262982,II gi4x4,0,0,0,0,3,1,2019-05-27 00:45:04,2019-06-06 14:05:03
103,1734491511,II gi3x3,0,0,0,0,3,1,2019-05-27 00:45:24,2019-06-06 14:04:30
104,1499427979,II gi3x11/2,0,0,0,10,3,1,2019-05-27 00:45:54,2019-06-06 14:03:18
105,1298837879,II gi2x2,10800,0,12000,19,3,1,2019-05-27 00:46:31,2019-06-28 03:35:06
106,1827406266,II gi2x1,8000,0,9000,6,3,1,2019-05-27 00:46:56,2019-07-28 07:09:41
107,1467497871,II gi11/2x11/2,7800,0,9000,13,3,1,2019-05-27 00:47:24,2019-06-28 03:35:37
108,1565100502,II gi11/2x3/4,0,0,0,0,3,1,2019-05-27 00:47:54,2019-06-06 14:01:36
109,1244168604,II gi1x1,5200,0,6500,6,3,1,2019-05-27 00:48:40,2019-08-01 04:40:50
110,1802877565,II gi3/4x3/4,0,0,0,0,3,1,2019-05-27 00:49:10,2019-06-06 14:02:54
111,1141025290,II h6x3,0,0,0,0,3,1,2019-05-27 00:51:35,2019-06-06 14:09:37
112,1206446528,II h4x2,0,0,0,0,3,1,2019-05-27 00:52:02,2019-06-06 14:08:00
113,1739234630,II u5x2,0,0,0,0,3,1,2019-05-27 00:52:23,2019-06-06 14:09:21
114,2042650555,II u3x11/2,12800,0,14000,10,3,1,2019-05-27 00:52:47,2019-06-28 03:34:30
115,1213059045,II u2x1,0,0,0,0,3,1,2019-05-27 00:53:17,2019-06-06 14:08:45
116,1903641567,II l2,0,0,0,0,3,1,2019-05-27 00:53:41,2019-06-06 14:08:35
117,1254570913,II 11/2,0,0,0,0,3,1,2019-05-27 00:53:59,2019-06-06 14:07:21
118,1318581932,II 11/4,0,0,0,0,3,1,2019-05-27 00:54:19,2019-06-06 14:07:45
119,1959807108,II 1,0,0,0,0,3,1,2019-05-27 00:54:38,2019-06-06 14:07:00
120,1905403207,II f2,0,0,0,0,8,1,2019-05-27 00:55:08,2019-06-06 14:00:42
121,1159768062,II f11/2,0,0,0,0,8,1,2019-05-27 00:55:33,2019-06-06 14:00:06
122,2050970159,II f1,0,0,0,0,8,1,2019-05-27 00:55:55,2019-06-06 13:59:48
123,1538006656,II f3/4,0,0,0,0,8,1,2019-05-27 00:56:18,2019-06-06 14:01:02
124,1362427275,II u4x2,0,0,0,0,3,1,2019-05-27 01:05:21,2019-06-06 14:09:10
125,1820623169,II f11/4,0,0,0,0,7,1,2019-05-27 01:10:31,2019-06-06 14:00:27
126,1425120050,TT ဒိုင္မနြ္းသံဇကာ ၅ ေပ,1440,0,1700,-1,7,4,2019-05-27 01:21:38,2019-08-21 02:53:05
127,1805182946,TT ဒိုင္မနြ္းသံဇကာ ၄ ေပ,1280,0,1500,10,7,4,2019-05-27 01:22:08,2019-07-17 07:03:05
128,1516725554,TT ဒိုင္မနြ္းသံဇကာ ၃ ေပ,960,0,1200,0,7,4,2019-05-27 01:22:55,2019-07-05 06:52:30
129,2033066797,TT တစ္လက္မကကြ္သံဇကာ ၃ ေပ,571,0,700,8,7,4,2019-05-27 01:23:37,2019-08-03 04:41:47
130,1519928275,TT တစ္လက္မကကြ္သံဇကာ ၄ ေပ,732,0,900,14,7,4,2019-05-27 01:24:00,2019-06-09 06:39:00
131,1956369293,TT ၈ ေပ ၆ ေပသံဇကာ၁၁/၂လက္မကကြ္,13500,0,16000,1,4,4,2019-05-27 01:24:52,2019-07-12 09:25:28
132,1950539377,TT ၈ ေပ ၆ ေပသံဇကာ၂လက္မကကြ္,10500,0,13500,0,4,4,2019-05-27 01:29:08,2019-06-09 05:56:49
133,1590317204,DD pvcslide21/2x3,21000,0,23000,0,5,7,2019-05-28 07:24:21,2019-08-21 03:08:25
134,2075214328,DD pvcslide3x3,24300,0,27000,10,5,7,2019-05-28 07:26:45,2019-06-28 05:19:46
135,1408325708,DD pvcslide4x3,32400,0,36000,1,5,2,2019-05-28 07:28:32,2019-06-28 05:18:46
136,1529076291,DD pvcopen21/2x3,36000,0,39000,0,5,7,2019-05-28 07:29:28,2019-07-22 07:50:27
137,2033608626,DD pvcopen3x3,43200,0,47000,1,5,7,2019-05-28 07:30:02,2019-06-28 05:22:38
138,1541535129,DD pvcopen6x21/2,55000,0,59000,2,5,7,2019-05-28 07:31:18,2019-07-05 06:52:30
139,1851643051,DD eagle6x21/2,33000,0,36000,1,5,7,2019-05-28 07:41:55,2019-07-24 06:53:34
140,1653621489,DD alu21/2x3,57000,0,60000,1,5,7,2019-05-28 07:42:38,2019-06-28 05:35:58
141,1704867486,DD alu3x3,63000,0,67500,1,5,7,2019-05-28 07:43:02,2019-06-28 05:34:38
142,1320204378,BB hcv07oneဘိုထိုင္,55000,0,75000,2,5,7,2019-05-28 07:58:59,2019-06-29 08:56:50
143,1139333490,BB hcv07twoဘိုထိုင္,70000,0,90000,1,5,7,2019-05-28 07:59:57,2019-06-29 08:56:26
144,1237193338,BB hcv113twoဘိုထိုင္,0,0,120000,0,5,7,2019-05-28 08:00:51,2019-06-29 08:55:23
145,1992563883,BB hctl02ဗမာထိုင္,15000,0,20000,4,5,6,2019-05-28 08:02:36,2019-07-05 08:12:57
146,1585462968,BB indiaဗမာထိုင္,8500,0,10000,0,5,7,2019-05-28 08:03:27,2019-08-03 06:41:45
147,1112138919,PPo စတီးဘင္ဇင္,11600,0,15000,2,5,6,2019-05-28 08:04:15,2019-07-05 06:52:30
148,1244870019,BB hcbasinco1,18000,0,25000,3,5,7,2019-05-28 08:07:35,2019-06-29 08:58:54
149,1738055575,BB hcbasinေဒါင့္,18000,0,25000,3,5,7,2019-05-28 08:08:15,2019-06-29 08:58:24
150,2086370013,PPo စတီးဘင္ဇင္ေဒါင့္,1800,0,2500,2,5,6,2019-05-28 08:09:05,2019-07-05 06:52:30
151,1539393776,FF ေဖာ္ေမကာ017,7000,0,8500,1,5,2,2019-05-28 08:20:58,2019-08-20 05:01:08
152,2006939267,FF ေဖာ္ေမကာ018ဝါးပင္,7000,0,8500,7,5,2,2019-05-28 08:21:49,2019-08-20 05:01:08
153,2147277017,FF ေဖာ္ေမကာ013,6900,0,8000,0,5,2,2019-05-28 08:24:58,2019-07-05 09:22:41
154,1804141733,QQ ေၾကႊျပား၁ ေပအခင္းယိုးဒယား,600,0,650,128,5,7,2019-05-28 09:25:53,2019-08-21 03:59:03
155,2125807641,QQ ေၾကႊျပား၁ ေပအခင္းတရုတ္,450,0,530,0,5,7,2019-05-28 09:28:21,2019-06-28 05:07:14
156,1409263673,QQ ေၾကႊျပား၈x၈ ေပအခင္းတရုတ္,200,0,250,0,5,7,2019-05-29 04:21:30,2019-06-28 05:06:50
157,1573305667,QQ cocktailဖန္တံုး,1600,0,2000,68,5,7,2019-05-29 07:55:15,2019-06-28 05:09:36
159,1148166898,QQ crystalpဖန္တံုး,1600,0,2000,14,5,7,2019-05-29 07:57:32,2019-07-22 07:50:27
160,1901896842,QQ laticeဖန္တံုး,1600,0,2000,24,5,7,2019-05-29 07:58:39,2019-06-09 06:45:50
161,00005,CC inpamo,800,0,1000,18,5,3,2019-05-29 07:59:47,2019-06-29 09:13:24
162,1677018406,QQ မိေက်ာင္းေကာ္အ ေခ်ာ,8000,0,9500,9,2,7,2019-05-29 08:01:08,2019-06-09 06:45:01
163,2045240153,QQ မိေက်ာင္းေကာ္အ ၾကမ္း,6000,0,7500,8,2,7,2019-05-29 08:01:56,2019-07-23 07:25:05
164,2123550850,SS ပတ္တီးsmooth,8500,0,10000,0,2,7,2019-05-29 08:02:41,2019-06-28 05:05:58
165,1160648053,SS ပတ္တီးsky,8500,0,10000,2,2,7,2019-05-29 08:03:10,2019-07-28 05:57:00
166,1835576399,WT ေရတိုင္ကီ ၇၅ဂါလံ,78850,0,95000,0,5,7,2019-05-29 08:07:03,2019-06-15 09:13:24
167,1301708190,WT ေရတိုင္ကီ ၁၅၀ဂါလံ,112050,0,135000,1,5,7,2019-05-29 08:07:31,2019-06-15 09:12:24
168,1818828152,WT ေရတိုင္ကီ ၂၀၀ဂါလံ,161850,0,195000,1,5,7,2019-05-29 08:07:51,2019-08-03 04:38:34
169,2030331398,KC စကူကာဗိုက္3/4,8,0,15,782,5,8,2019-05-29 08:13:29,2019-08-03 06:25:26
170,1278307233,KC စကူကာဗိုက္1,8,0,15,253,5,8,2019-05-29 08:14:39,2019-08-03 06:27:50
171,1942673461,KC စကူကာဗိုက္11/4,0,0,0,0,5,8,2019-05-29 08:15:04,2019-06-07 12:39:43
172,1566142563,KC စကူကာဗိုက္11/2,10,0,20,6,5,7,2019-05-29 08:15:26,2019-06-29 09:10:07
173,1610865297,KC စကူကာဗိုက္2,15,0,25,555,5,8,2019-05-29 08:15:48,2019-08-03 06:27:05
174,2037719802,KC စတီးစကူ3/4,0,0,0,0,5,8,2019-05-29 08:16:44,2019-06-07 12:40:39
175,1915296077,KC စတီးစကူ1,5,0,10,616,5,8,2019-05-29 08:17:10,2019-08-03 06:19:46
176,2126699986,KC စတီးစကူ11/4,8,0,15,168,5,8,2019-05-29 08:17:41,2019-08-03 06:18:47
177,1663802751,KC စတီးစကူ11/2,0,0,0,0,5,8,2019-05-29 08:18:23,2019-06-07 12:40:55
178,1160340741,KC စတီးစကူ2,15,0,30,20,5,8,2019-05-29 08:19:02,2019-08-03 06:17:50
179,1803296177,KC စကူအမဲ3/4ဘူး,2800,0,3500,2,5,8,2019-05-29 08:20:52,2019-06-29 08:35:38
180,2037398529,KC စကူအမဲ3/4အလံုး,5,0,10,1034,5,8,2019-05-29 08:21:26,2019-07-05 09:23:44
181,1341429214,KC စကူအမဲ1ဘူး,2800,0,3500,6,5,8,2019-05-29 08:21:57,2019-07-30 07:18:05
182,1750128388,KC စကူအမဲ1အလံုး,5,0,10,394,5,8,2019-05-29 08:22:22,2019-06-29 08:34:39
183,1875451132,KC စကူအမဲ11/4အလံုး,0,0,0,0,5,8,2019-05-29 08:23:01,2019-06-07 12:36:03
184,1619163452,KC စကူအမဲ11/2အလံုး,8,0,15,222,5,8,2019-05-29 08:23:23,2019-08-03 06:23:51
185,1862659188,KC စကူအမဲ2အလံုး,0,0,0,0,5,8,2019-05-29 08:23:58,2019-06-29 08:36:48
186,1127323446,KCd4 ၾကယ္သိးစကူ3/4,8,0,15,-3,5,8,2019-05-29 08:25:21,2019-08-21 02:53:05
187,1925059176,KCd3 ၾကယ္သီးစကူ1,8,0,15,505,5,8,2019-05-29 08:26:13,2019-08-03 05:49:38
188,1237425779,KCd2 ၾကယ္သီးစကူ11/4,0,0,0,0,5,8,2019-05-29 08:26:36,2019-07-02 04:12:15
189,1323964673,KCd1 ၾကယ္သီးစကူ11/2,10,0,20,520,5,8,2019-05-29 08:27:02,2019-07-02 04:11:52
190,1793949958,KCd0 ၾကယ္သီးစကူ2,12,0,25,172,5,8,2019-05-29 08:27:39,2019-08-03 05:50:33
191,1779658161,KC စကူအရစ္စိပ္2,12,0,25,236,5,8,2019-05-29 08:30:09,2019-08-21 03:22:09
192,1764496087,KC စကူအရစ္စိပ္11/2,0,0,0,0,5,8,2019-05-29 08:31:12,2019-06-07 12:37:14
193,1940747433,KC စကူအရစ္စိပ္3/4,10,0,15,56,5,8,2019-05-29 08:31:27,2019-08-03 06:20:35
194,2020210534,KC စကူအရစ္က်ဲ2,0,0,0,0,5,8,2019-05-29 08:33:23,2019-06-07 12:30:54
195,1709419810,KC စကူအရစ္က်ဲ11/2,10,0,20,150,5,8,2019-05-29 08:33:44,2019-06-29 08:49:05
196,1145210736,KC စကူအရစ္က်ဲ3/4,0,0,0,6,5,8,2019-05-29 08:34:04,2019-08-03 06:22:39
197,1184602581,KC စကူငါးရုးိ3/4,8,0,15,1394,5,7,2019-05-29 08:35:09,2019-06-29 09:08:17
198,1138913370,KC စကူငါးရုးိ1,10,0,20,662,5,8,2019-05-29 08:35:25,2019-06-29 09:11:10
199,1498860765,KK ဝရိန္ေဂါက္,3500,0,4500,2,5,8,2019-05-29 08:41:19,2019-07-02 06:30:00
200,1277865872,KK ဝရိန္ေခ်ာင္း,3800,0,4500,2,5,8,2019-05-29 08:42:36,2019-07-02 06:31:12
201,1668489135,KK ေဂါ္ျပား,1500,0,2000,8,5,8,2019-05-29 08:43:29,2019-07-02 06:26:18
202,1741962269,KK ေပါက္တူး,2000,0,3000,4,5,8,2019-05-29 08:44:03,2019-07-02 06:25:41
203,1667607783,KK ေပါက္ခၽြန္,3200,0,5000,1,5,7,2019-05-29 08:44:46,2019-07-02 06:42:42
204,1716276162,KK သံျဖတ္လႊအ ေသး,50,0,100,31,5,8,2019-05-29 08:45:58,2019-07-02 06:27:10
205,1963050893,KK ေရ ေဘာသာြး,700,0,1000,3,5,8,2019-05-29 08:48:06,2019-07-02 06:24:41
206,2074354418,KC အုပ္ညွပ္ဘရစ္ကက္,600,0,800,21,5,8,2019-05-29 08:49:10,2019-07-02 06:13:09
208,1531797138,KK မ်ဥ္းၾကိဳးၾကီး,600,0,1000,4,5,8,2019-05-29 08:52:52,2019-07-02 06:28:36
209,2006007020,KK မ်ဥ္းၾကိဳးအ ေသး,0,0,0,4,5,8,2019-05-29 08:53:25,2019-06-02 13:58:39
210,1589470536,KC siliconအၾကည္,0,0,0,0,5,8,2019-05-29 08:58:01,2019-07-02 06:01:01
211,1393537352,KK silicongun,1000,0,1500,3,5,8,2019-05-31 07:07:42,2019-07-02 06:32:58
213,2029082509,KK စို့ရိုက္တံ,200,0,500,6,5,8,2019-05-31 07:10:33,2019-05-31 07:10:33
214,1557733086,KK စကူဗစ္,200,0,500,9,5,8,2019-05-31 07:53:24,2019-06-28 08:48:23
215,2090254438,KK တံစည္းအၾကီး,1000,0,1500,5,5,8,2019-05-31 07:55:15,2019-07-02 06:27:40
216,1729919160,KK မဆလာဗန္း,1800,0,2500,3,5,8,2019-05-31 08:01:36,2019-07-02 06:29:07
218,1402320071,KK ကာဗိုက္ေခ်ာင္း,500,0,800,4,5,8,2019-05-31 08:03:36,2019-07-02 06:47:04
220,1540080249,KK ဂ်က္လိန္,700,0,1000,2,5,8,2019-05-31 08:04:45,2019-07-02 06:34:51
221,1730781172,KC siliconအျဖဴ,1500,0,1800,2,5,7,2019-05-31 08:10:13,2019-07-02 05:58:41
222,1518596426,KC siliconအမဲ,1500,0,1800,2,5,8,2019-05-31 08:11:02,2019-07-02 05:59:09
223,1434758539,KC atm16,800,0,1000,8,5,8,2019-05-31 08:11:54,2019-07-02 06:00:23
224,1727523409,KC atm8,600,0,800,2,5,8,2019-05-31 08:12:17,2019-07-28 07:03:33
225,1387037968,PPo pေကာ္,450,0,600,5,5,6,2019-05-31 08:13:04,2019-07-28 07:03:33
226,1267066493,PPg10 ေရဒေယာက္ပိတ္4ဘယ္,0,0,0,0,5,6,2019-06-03 14:27:58,2019-06-09 03:22:19
227,1961948483,PPg4 ေရဒေယာက္ပိတ္5ဘယ္,657,0,1000,5,5,6,2019-06-03 14:29:18,2019-07-04 04:05:38
228,1310432597,PPg1 ေရဒေယာက္5တုိ,552,0,900,16,5,6,2019-06-03 14:31:44,2019-07-04 03:56:30
229,2020352144,PPg2 ေရဒေယာက္အဆက္5,570,0,1000,4,5,6,2019-06-03 14:33:34,2019-07-04 04:02:42
230,1859757561,PPg3 ေရဒေယာက္အဆက္4,470,0,800,0,5,6,2019-06-03 14:34:32,2019-07-28 07:03:33
231,1491645828,PPg9 ေရဒေယာက္ပိတ္4ညာေရဆင္းပါ,0,0,0,0,5,6,2019-06-03 14:38:19,2019-06-09 03:21:42
232,1510950147,PPg7 ေရဒေယာက္ပိတ္5ညာေရဆင္းပါ,0,0,0,0,5,6,2019-06-03 14:39:06,2019-06-09 03:20:11
233,1524783363,PPg8 ေရဒေယာက္ပိတ္4ဘယ္ေရဆင္းပါ,0,0,0,0,5,6,2019-06-03 14:40:10,2019-06-09 03:20:59
234,1165787131,PPg6 ေရဒေယာက္ပိတ္5ဘယ္ေရဆင္းပါ,0,0,0,0,5,6,2019-06-03 14:41:03,2019-06-09 03:19:48
235,1750657976,PPp8 pipe3clas5,0,0,0,0,5,6,2019-06-03 14:48:34,2019-06-09 03:04:46
236,2116959251,PPp9 pipe4clas5,0,0,0,0,5,6,2019-06-03 14:49:12,2019-06-09 03:05:07
237,1188408699,PPv ခ်က္ဘား1/2,0,0,0,0,5,6,2019-06-03 14:50:31,2019-06-09 05:00:40
238,1283334481,PPv ခ်က္ဘား3/4,0,0,0,0,5,6,2019-06-03 14:50:58,2019-06-09 05:00:59
239,1710374192,PPv ခ်က္ဘား1,0,0,0,0,5,6,2019-06-03 14:51:32,2019-06-09 05:00:11
240,1533371866,PPh0 ေဘာဘား1/2 winny,716,0,1000,6,5,6,2019-06-03 14:53:28,2019-07-04 04:15:33
241,1887854270,PPh1 ေဘာဘား3/4 scg,1050,0,1500,1,5,6,2019-06-03 14:54:03,2019-07-28 07:03:33
242,1877967387,PPh2 ေဘာဘား1 winny,1047,0,1500,1,5,6,2019-06-03 14:54:41,2019-07-22 07:50:27
243,1960758139,PPh3 ေဘာဘား11/4,1330,0,1800,2,5,6,2019-06-03 14:55:11,2019-07-04 05:11:52
244,1386307271,PPh4 ေဘာဘား11/2,1479,0,2000,2,5,6,2019-06-03 14:56:06,2019-07-04 05:14:28
245,1447080460,PPh5 ေဘာဘား2 winny,4096,0,5000,2,5,6,2019-06-03 14:56:37,2019-07-04 05:15:31
246,1454153647,PPh6 ေဘာဘား3,0,0,0,0,5,6,2019-06-03 14:57:15,2019-06-09 03:31:36
247,1936489672,PPh7 ေဘာဘား4,0,0,0,0,5,6,2019-06-03 14:57:37,2019-06-09 03:32:02
248,1184970210,PPq ဘီလူေခါင္းေၾကး3/4,0,0,0,0,5,6,2019-06-03 15:01:09,2019-06-09 04:35:24
249,1453302924,PPq ဘီလူေခါင္းေၾကး1,0,0,0,0,5,6,2019-06-03 15:01:37,2019-06-09 04:35:53
250,1918508505,PPq ဘီလူေခါင္းအေသး3/4,0,0,0,0,5,6,2019-06-03 15:02:28,2019-06-09 04:36:50
251,1369990367,PPq ဘီလူေခါင္းအၾကီး3/4,627,0,1000,13,5,6,2019-06-03 15:03:36,2019-07-04 07:33:13
252,1496823736,PPq ဘီလူေခါင္းအေသး1,0,0,0,0,5,6,2019-06-03 15:04:12,2019-06-09 04:37:07
253,1565681395,PPq ဘီလူေခါင္းအၾကီး1,800,0,1200,10,5,6,2019-06-03 15:04:34,2019-07-22 01:09:18
254,1493064825,PPm0 ဆယ္ဒဲ1/2,39,0,50,50,5,6,2019-06-03 15:08:23,2019-07-04 06:50:03
255,1871258926,PPm1 ဆယ္ဒဲ3/4,44,0,100,40,5,6,2019-06-03 15:09:27,2019-07-28 07:03:33
256,1636896342,PPm2 ဆယ္ဒဲ1,70,0,100,50,5,6,2019-06-03 15:09:54,2019-07-04 06:48:09
257,1591424205,PPm3 ဆယ္ဒဲ11/4,70,0,150,20,5,6,2019-06-03 15:10:22,2019-07-04 06:47:04
258,1431044570,PPm4 ဆယ္ဒဲ11/2,83,0,200,22,5,6,2019-06-03 15:10:46,2019-07-04 06:46:20
259,2044556520,PPm5 ဆယ္ဒဲ2,132,0,250,71,5,6,2019-06-03 15:11:08,2019-08-03 05:06:42
260,1596808384,PPm6 ဆယ္ဒဲ3,352,0,500,10,5,6,2019-06-03 15:12:16,2019-07-04 06:42:48
261,1770113945,PPm7 ဆယ္ဒဲ4,440,0,700,10,5,6,2019-06-03 15:13:11,2019-07-04 06:42:02
262,1837248478,PPe1 ကလစ္1/2,0,0,0,0,5,6,2019-06-03 15:15:30,2019-06-09 00:38:43
263,1886874943,PPe2 ကလစ္3/4,50,0,100,11,5,6,2019-06-03 15:16:21,2019-07-04 03:29:30
264,1776114953,PPe2 ကလစ္1,0,0,0,0,5,6,2019-06-03 15:16:42,2019-06-09 02:48:25
265,1450895214,PPe3 ကလစ္11/4,65,0,150,9,5,6,2019-06-03 15:17:10,2019-07-04 03:29:03
266,2032283067,PPe4 ကလစ္11/2,0,0,0,0,5,6,2019-06-03 15:17:48,2019-06-09 02:50:25
267,1239667394,PPe5 ကလစ္2,90,0,200,10,5,6,2019-06-03 15:18:17,2019-07-04 03:28:35
268,2068548141,PPe6 ကလစ္2x1/2,100,0,200,10,5,6,2019-06-03 15:18:39,2019-07-04 03:28:10
269,1287068645,PPe7 ကလစ္4,0,0,0,0,5,6,2019-06-03 15:18:56,2019-06-09 02:50:58
270,1989798944,PPd0 ေဆာ့ကက္1/2,72,0,150,19,5,6,2019-06-03 15:22:12,2019-07-04 03:23:28
271,1969536587,PPd1 ေဆာ့ကက္3/4,93,0,200,27,5,6,2019-06-03 15:22:34,2019-08-03 05:08:11
272,1853092391,PPd2 ေဆာ့ကက္1,153,0,300,26,5,5,2019-06-03 15:23:01,2019-07-04 03:21:27
273,1327452468,PPd3 ေဆာ့ကက္11/4ထူ,224,0,500,5,5,6,2019-06-03 15:23:44,2019-07-04 03:19:18
275,1912848403,PPd4 ေဆာ့ကက္11/2ထူ,293,0,500,5,5,6,2019-06-03 15:25:01,2019-07-04 03:16:13
277,1311040992,PPd5 ေဆာ့ကက္2ထူ,426,0,600,15,5,6,2019-06-03 15:26:11,2019-07-04 03:12:30
279,1718636085,PPd6 ေဆာ့ကက္3,538,0,800,8,5,6,2019-06-03 15:26:53,2019-07-04 03:10:07
280,1296209723,PPd7 ေဆာ့ကက္4,761,0,1000,3,5,6,2019-06-03 15:27:23,2019-07-04 03:09:04
281,1817103977,PPa0 ၉၀အဲလ္ဘို1/2,84,0,200,10,5,6,2019-06-03 15:31:36,2019-07-02 08:33:44
282,1511088578,PPa1 ၉၀အဲလ္ဘို3/4,109,0,250,29,5,6,2019-06-03 15:31:59,2019-07-28 07:03:33
283,1939376556,PPa2 ၉၀အဲလ္ဘို1,200,0,300,17,5,6,2019-06-03 15:32:17,2019-07-02 08:32:37
284,1950480036,PPa3 ၉၀အဲလ္ဘို11/4ပါး,131,0,300,5,5,6,2019-06-03 15:32:39,2019-08-21 03:59:03
285,2135179648,PPa4 ၉၀အဲလ္ဘို11/2ပါး,115,0,300,5,5,6,2019-06-03 15:32:58,2019-07-02 08:29:23
286,1283864852,PPa5 ၉၀အဲလ္ဘို2ထူ,595,0,800,5,5,6,2019-06-03 15:33:43,2019-07-02 08:26:53
287,2110019912,PPa6 ၉၀အဲလ္ဘို3,800,0,1000,8,5,6,2019-06-03 15:34:22,2019-07-02 08:25:42
288,1130896911,PPa7 ၉၀အဲလ္ဘို4,1610,0,2000,0,5,6,2019-06-03 15:34:48,2019-07-23 07:05:34
289,1826206455,PPb0 ၄၅အဲလ္ဘို1/2,103,0,200,10,5,6,2019-06-03 15:36:48,2019-07-02 08:40:02
290,1303289615,PPb1 ၄၅အဲလ္ဘို3/4,142,0,250,8,5,6,2019-06-03 15:37:14,2019-07-28 07:03:33
291,2112786202,PPb2 ၄၅အဲလ္ဘို1,261,0,350,3,5,6,2019-06-03 15:37:44,2019-07-02 08:38:15
292,1883692954,PPb3 ၄၅အဲလ္ဘို11/4,149,0,250,7,5,6,2019-06-03 15:38:11,2019-07-02 08:37:23
293,1900874309,PPb4 ၄၅အဲလ္ဘို11/2,168,0,300,3,5,6,2019-06-03 15:38:46,2019-07-02 08:36:40
294,2098891808,PPb5 ၄၅အဲလ္ဘို2,245,0,400,6,5,6,2019-06-03 15:39:17,2019-07-02 08:35:44
296,1522586021,PPb7 ၄၅အဲလ္ဘို4,1610,0,2000,5,5,6,2019-06-03 15:40:13,2019-07-02 08:34:28
297,1182595383,PPb6 ၄၅အဲလ္ဘို3,652,0,1000,7,5,6,2019-06-03 15:42:44,2019-07-02 08:34:59
298,1840235089,PPl0 ယူနီယမ္1/2,304,0,500,12,5,6,2019-06-03 15:44:38,2019-07-04 06:39:42
299,1884563165,PPl1 ယူနီယမ္3/4,430,0,700,9,5,6,2019-06-03 15:45:07,2019-07-07 10:30:44
300,1295665492,PPl2 ယူနီယမ္1,582,0,1000,10,5,6,2019-06-03 15:45:28,2019-07-04 06:40:20
301,1497259286,PPc0 တီ1/2,109,0,200,12,5,6,2019-06-03 15:47:25,2019-07-02 08:04:06
302,1252121788,PPc1 တီ3/4,153,0,300,41,5,6,2019-06-03 15:47:44,2019-07-28 07:03:33
303,1357558500,PPc2 တီ1,289,0,400,19,5,6,2019-06-03 15:47:58,2019-07-02 08:02:23
304,1443383668,PPc3 တီ11/4ပါး,0,0,0,0,5,6,2019-06-03 15:48:17,2019-07-02 08:00:08
305,1751188659,PPc4 တီ11/2ပါး,268,0,450,8,5,6,2019-06-03 15:48:39,2019-07-02 07:58:41
306,1180459997,PPc5 တီ2,336,0,500,9,5,6,2019-06-03 15:48:56,2019-07-02 07:22:35
307,2138120923,PPc6 တီ3,915,0,1500,3,5,5,2019-06-03 15:49:18,2019-07-02 07:10:25
308,1715986621,PPc7 တီ4,2111,0,3000,-1,5,6,2019-06-03 15:49:36,2019-07-23 07:05:34
309,1641352926,PPj0 ဘားေဆာ့ကက္1/2,61,0,200,10,5,6,2019-06-03 15:53:35,2019-07-04 06:29:23
310,1178919994,PPj1 ဘားေဆာ့ကက္3/4,84,0,250,-3,5,6,2019-06-03 15:53:51,2019-07-28 07:03:33
311,1926961405,PPj2 ဘားေဆာ့ကက္1,115,0,300,30,5,6,2019-06-03 15:54:08,2019-07-04 06:28:18
312,1862567341,PPj3 ဘားေဆာ့ကက္11/4,277,0,450,3,5,6,2019-06-03 15:54:25,2019-07-04 06:27:50
313,1369327420,PPj4 ဘားေဆာ့ကက္11/2,277,0,500,3,5,6,2019-06-03 15:54:39,2019-07-04 06:27:26
314,12345678,PPj5 ဘားေဆာ့ကက္2,461,0,800,3,5,6,2019-06-03 15:55:00,2019-07-04 06:26:32
315,1945350572,PPi0 ေဖာက္ေဆာ့ကက္1/2,71,0,200,24,5,6,2019-06-03 15:56:01,2019-07-04 06:25:25
316,1969841055,PPi1 ေဖာက္ေဆာ့ကက္3/4,105,0,250,16,5,6,2019-06-03 15:56:18,2019-07-04 06:24:52
317,1438201313,PPi3 ေဖာက္ေဆာ့ကက္11/4,299,0,500,3,5,6,2019-06-03 15:56:36,2019-07-04 06:23:44
318,1202417661,PPi5 ေဖာက္ေဆာ့ကက္2,692,0,1000,2,5,6,2019-06-03 15:56:53,2019-07-04 06:21:47
319,1818221938,PPi2 ေဖာက္ေဆာ့ကက္1,197,0,300,11,5,6,2019-06-03 15:59:21,2019-07-04 06:24:24
320,1974779191,PPi4 ေဖာက္ေဆာ့ကက္11/2,458,0,600,3,5,6,2019-06-03 15:59:50,2019-07-04 06:23:02
321,1495063760,PPk3 ေဖာက္တီ1/2,180,0,300,8,5,6,2019-06-03 16:01:39,2019-07-04 06:37:14
322,1900539234,PPk4 ေဖာက္တီ3/4,238,0,400,15,5,6,2019-06-03 16:01:56,2019-07-04 06:36:30
323,1441798099,PPk5 ေဖာက္တီ1,408,0,500,5,5,6,2019-06-03 16:02:14,2019-07-04 06:35:52
324,1819193316,PPk0 ေဖာက္အဲလ္ဘို1/2,148,0,300,5,5,6,2019-06-03 16:03:21,2019-07-04 06:35:00
325,1230534563,PPk1 ေဖာက္အဲလ္ဘို3/4,229,0,400,15,5,6,2019-06-03 16:04:07,2019-07-04 06:33:55
326,1527115438,PPk2 ေဖာက္အဲလ္ဘို1,416,0,500,5,5,6,2019-06-03 16:04:26,2019-07-04 06:33:05
327,1677364645,PPk6 ဘားအဲလ္ဘို1/2,185,0,300,3,5,6,2019-06-03 16:05:44,2019-07-04 06:32:01
328,1551969171,PPk7 ဘားအဲလ္ဘို3/4,217,0,350,13,5,6,2019-06-03 16:05:57,2019-07-04 06:31:16
329,2016669403,PPk8 ဘားအဲလ္ဘို1,365,0,500,3,5,6,2019-06-03 16:06:13,2019-07-04 06:30:24
330,1481275656,PPv ကန္လွဲပိုက္1/2,750,0,1500,1,5,6,2019-06-03 16:09:22,2019-07-04 07:54:49
331,1306023501,PPv ကန္လွဲပိုက္3/4,500,0,1000,0,5,6,2019-06-03 16:09:45,2019-08-03 04:54:28
332,1739735071,PPv ကန္လွဲပိုက္1,500,0,1000,5,5,6,2019-06-03 16:10:02,2019-07-04 07:54:14
333,1300755366,PPv ပိုက္cap1/2,50,0,100,4,5,6,2019-06-03 16:11:15,2019-07-28 07:03:33
334,1794600489,PPv ပိုက္cap3/4,75,0,150,4,5,6,2019-06-03 16:11:35,2019-07-28 07:03:33
335,2102928773,PPv ပိုက္cap1,100,0,200,2,5,6,2019-06-03 16:11:50,2019-07-04 08:03:37
336,1672232786,PPv ပိုက္cap11/4,180,0,300,2,5,6,2019-06-03 16:12:04,2019-07-04 08:04:27
337,1713032898,PPv ပိုက္cap11/2,0,0,0,0,5,6,2019-06-03 16:12:20,2019-06-09 05:01:54
338,1483016158,PPv ပိုက္cap2,350,0,800,3,5,6,2019-06-03 16:12:35,2019-07-04 08:05:21
339,1692112615,PPv ပိုက္ေဖာင့္cap1/2,50,0,100,5,5,6,2019-06-03 16:13:46,2019-07-04 07:58:33
340,2130326945,PPv ပိုက္ေဖာင့္cap3/4,75,0,150,5,5,6,2019-06-03 16:14:52,2019-07-04 07:59:07
341,1595724393,PPv ပိုက္ေဖာင့္cap1,100,0,200,5,5,6,2019-06-03 16:15:08,2019-07-04 07:59:38
345,1913234073,PPv ဘားပလပ္1/2,54,0,100,5,5,6,2019-06-03 16:17:25,2019-07-04 07:57:10
346,1755344460,PPv ဘားပလပ္3/4,72,0,150,5,5,6,2019-06-03 16:17:54,2019-07-04 07:57:30
347,1210221203,PPv ဘားပလပ္1,125,0,200,5,5,6,2019-06-03 16:18:17,2019-07-04 07:57:45
348,1783110980,PPn1 rအဲလ္ဘို1x1/2,225,0,350,5,5,6,2019-06-03 16:30:16,2019-07-04 06:53:29
349,1123495694,PPn0 rအဲလ္ဘို1x3/4,217,0,400,19,5,6,2019-06-03 16:30:36,2019-07-04 06:52:46
350,1768177770,PPn2 rအဲလ္ဘို3/4x1/2,100,0,300,10,5,6,2019-06-03 16:31:44,2019-07-28 07:03:33
351,1412899608,PP rတီ3/4x1/2,154,0,250,10,5,6,2019-06-03 16:36:26,2019-07-02 08:46:57
352,1527093026,PP rတီ1x1/2,0,0,0,0,5,6,2019-06-03 16:37:02,2019-06-07 01:06:25
353,1803988778,PP rတီ1x3/4,333,0,450,1,5,6,2019-06-03 16:37:30,2019-07-02 08:48:05
354,1336173430,PP rတီ11/2x1/2,0,0,0,0,5,6,2019-06-03 16:37:56,2019-06-07 01:07:17
355,1676113795,PP rတီ11/2x3/4,0,0,0,0,5,6,2019-06-03 16:38:17,2019-06-07 01:06:51
356,1875183346,PP rတီ11/2x1,0,0,0,0,5,6,2019-06-03 16:38:47,2019-06-07 01:08:02
357,2062348655,PP rတီ2x1/2,0,0,0,0,5,6,2019-06-03 16:40:03,2019-06-07 01:05:27
358,2042846525,PP rတီ2x3/4,0,0,0,0,5,6,2019-06-03 16:40:27,2019-06-07 01:00:16
359,1346403186,PP rတီ2x1,1062,0,1500,1,5,6,2019-06-03 16:40:52,2019-07-02 08:45:58
360,1449409278,PP rတီ2x11/4,0,0,0,0,5,6,2019-06-03 16:41:20,2019-06-07 00:59:32
361,2044402538,PP rတီ2x11/2,0,0,0,0,5,6,2019-06-03 16:41:41,2019-06-07 00:59:15
362,1349755167,PP rတီ3x11/2,0,0,0,0,5,6,2019-06-03 16:42:19,2019-06-07 01:02:15
363,1963158454,PP rတီ3x2,1041,0,1500,3,5,6,2019-06-03 16:42:38,2019-07-02 08:44:07
364,1535193756,PP rတီ4x11/2,0,0,0,0,5,6,2019-06-03 16:43:19,2019-06-07 01:02:53
365,2086640952,PP rတီ4x2,0,0,0,0,5,6,2019-06-03 16:43:35,2019-06-07 01:03:10
366,1457379628,PP rတီ4x3,0,0,0,0,5,6,2019-06-03 16:43:54,2019-06-07 01:03:28
367,1204297396,PP rေဆာ့ကက္3/4x1/2,93,0,200,17,5,6,2019-06-03 16:50:34,2019-07-02 09:43:55
368,2092338684,PP rေဆာ့ကက္1x1/2,153,0,300,0,5,6,2019-06-04 01:00:53,2019-08-03 05:33:21
369,1733316973,PP rေဆာ့ကက္1x3/4,0,0,300,15,5,6,2019-06-04 01:01:48,2019-08-03 05:31:59
370,1905627113,PP rေဆာ့ကက္11/4x3/4,0,0,0,0,5,6,2019-06-04 01:02:31,2019-06-07 00:58:19
371,1850230164,PP rေဆာ့ကက္11/4x1ထူ,248,0,500,5,5,6,2019-06-04 01:03:04,2019-07-02 09:42:53
372,2052436228,PP rေဆာ့ကက္11/2x1/2,0,0,0,0,5,6,2019-06-04 01:04:39,2019-06-07 00:56:51
373,1209063394,PP rေဆာ့ကက္11/2x3/4,291,0,500,1,5,6,2019-06-04 01:05:27,2019-07-02 09:41:43
374,1715907183,PP rေဆာ့ကက္11/2x1ထူ,269,0,500,3,5,6,2019-06-04 01:05:58,2019-08-03 05:35:48
375,1361856620,PP rေဆာ့ကက္11/2x11/4ပါး,170,0,300,5,5,6,2019-06-04 01:06:28,2019-07-02 09:40:50
376,1133198757,PP rေဆာ့ကက္2x1/2,0,0,0,0,5,6,2019-06-04 01:07:11,2019-06-07 00:58:58
377,1529906490,PP rေဆာ့ကက္2x3/4,0,0,0,0,5,6,2019-06-04 01:07:31,2019-06-07 00:54:11
378,1390942008,PP rေဆာ့ကက္2x1ထူ,425,0,700,3,5,6,2019-06-04 01:08:12,2019-08-03 05:24:04
379,2044477225,PP rေဆာ့ကက္2x11/4ထူ,425,0,700,3,5,6,2019-06-04 01:08:33,2019-07-02 09:37:29
380,2098827953,PP rေဆာ့ကက္2x11/2ထူ,425,0,700,4,5,6,2019-06-04 01:09:10,2019-07-28 07:03:33
381,1814435962,PP rေဆာ့ကက္3x11/2,586,0,900,3,5,6,2019-06-04 01:09:51,2019-07-02 09:33:47
382,1177536316,PP rေဆာ့ကက္3x2,586,0,900,7,5,6,2019-06-04 01:10:11,2019-07-02 09:33:03
383,1847804455,PP rေဆာ့ကက္4x2,868,0,1300,5,5,6,2019-06-04 01:10:59,2019-07-02 09:32:13
384,1569823106,PP rေဆာ့ကက္4x3,1103,0,1500,3,5,6,2019-06-04 01:11:15,2019-07-02 09:31:09
385,1921037504,PPo ဘင္ဇင္ဝွစ္,0,0,0,0,5,6,2019-06-04 01:16:58,2019-06-09 04:39:49
386,1406292114,PPo ေၾကဘြင္ဇင္ဝွစ္,0,0,0,0,5,6,2019-06-04 01:22:44,2019-06-09 04:30:31
387,2079911751,PPo မီးသတ္ပိုက္2,0,0,0,0,5,6,2019-06-04 01:24:07,2019-06-09 04:34:51
388,1849463416,PPo မီးသတ္ပိုက္3,0,0,0,0,5,6,2019-06-04 01:24:50,2019-06-09 04:34:33
389,1961311672,PPo ဘာဂ်ာပိုက္တို,0,0,0,0,5,6,2019-06-04 01:25:42,2019-06-09 04:38:59
390,1789874785,PPo ဘာဂ်ာပိုက္ရွည္,0,0,0,0,5,6,2019-06-04 01:26:28,2019-06-09 04:38:41
391,1374246907,PPo ociေကာ္ေသး,800,0,1000,2,5,6,2019-06-04 01:27:48,2019-08-21 02:42:23
392,1632644573,PPo ociေကာ္ၾကီး,3200,0,4000,3,5,6,2019-06-04 01:30:16,2019-07-04 07:27:32
393,1947846494,PPo အိမ္သာhang spary thai,5550,0,6500,2,5,6,2019-06-04 01:34:14,2019-07-05 06:43:45
394,1685129749,PPo အိမ္သာhang spary china,0,0,0,0,5,6,2019-06-04 01:34:56,2019-06-09 04:34:09
395,1642531101,PPo အိမ္သာhang spary စတီး,0,0,0,0,5,6,2019-06-04 01:35:35,2019-06-09 04:33:33
396,1923638327,PPo ေရဗန္းလက္ကိုင္4 blue ocean,5200,0,6500,1,5,6,2019-06-04 01:36:23,2019-07-04 07:01:37
397,1492411977,PPo ေရဗန္းလက္ကိုင္6,0,0,0,0,5,6,2019-06-04 01:38:28,2019-06-09 04:30:57
398,1768979872,PPo ေရဗန္း4,0,0,0,0,5,6,2019-06-04 01:39:13,2019-06-09 04:32:06
399,1917681614,PPo ေရဗန္း6,0,0,0,0,5,6,2019-06-04 01:39:45,2019-06-09 04:31:41
400,1872654606,PPo ေရဆင္းစတီးျပား2,0,0,0,0,5,6,2019-06-04 01:42:04,2019-06-09 04:33:15
401,1837066276,PPo ေရဆင္းစတီးျပား3,0,0,0,0,5,6,2019-06-04 01:42:20,2019-06-09 04:32:52
402,1483494041,PPo ေရဆင္းစတီးျပား4,0,0,0,0,5,6,2019-06-04 01:42:55,2019-06-09 04:32:36
403,2041877613,PPs ပိုက္ေပ်ာ့1/2,0,0,0,0,5,6,2019-06-04 01:43:38,2019-06-09 04:53:05
404,1611508095,PPs ပိုက္ေပ်ာ့3/4,0,0,0,0,5,6,2019-06-04 01:44:15,2019-06-09 04:53:23
405,1329252599,PPs ပိုက္ေပ်ာ့1တို,175,0,300,60,5,6,2019-06-04 01:44:37,2019-07-05 09:22:41
406,1147632202,PPo စတီးလက္ပိုက္,830,0,1500,4,5,6,2019-06-04 01:45:59,2019-07-04 07:07:28
407,1748578894,PPt တပ္bc1/2,0,0,0,0,5,6,2019-06-04 01:47:42,2019-06-09 04:48:37
408,1737049899,PPt တပ္bc3/4,1500,0,2000,4,5,6,2019-06-04 01:48:16,2019-07-04 07:49:20
409,1836583681,PPt တပ္az1/2,0,0,0,0,5,6,2019-06-04 01:48:54,2019-06-09 04:49:18
410,1632152960,PPt တပ္az3/4,1500,0,2000,2,5,6,2019-06-04 01:49:17,2019-07-04 07:51:15
411,1351467880,PPt တပ္steel1/2,0,0,0,0,5,6,2019-06-04 01:49:55,2019-06-09 04:48:07
412,1577393318,PPt တပ္steel3/4,0,0,0,0,5,6,2019-06-04 01:50:28,2019-06-09 04:47:50
413,1601036240,PPt တပ္ငန္းေဂါက္china,4750,0,6500,1,5,6,2019-06-04 01:51:42,2019-07-04 07:52:20
414,1334119597,PPt တပ္ငန္းေဂါက္newroyal,0,0,0,0,5,6,2019-06-04 01:52:37,2019-06-09 04:45:30
415,2081193535,PPt တပ္newroyal,0,0,0,0,5,6,2019-06-04 01:53:21,2019-06-09 04:46:44
416,1690371018,KK ေပဘူး3m,0,0,0,0,5,8,2019-06-04 02:01:02,2019-06-04 02:01:02
417,1726844290,KK ေပဘူး5m,0,0,0,0,5,8,2019-06-04 02:01:22,2019-06-04 02:01:22
418,2049473965,KK ေပဘူး7.5m,0,0,0,0,5,8,2019-06-04 02:01:41,2019-06-04 02:01:41
419,1929531676,KK တံစည္းအ ေသး,0,0,0,0,5,8,2019-06-04 02:03:57,2019-06-04 02:03:57
420,2077748155,KK လႊ,0,0,0,0,5,8,2019-06-04 02:04:37,2019-06-04 02:04:37
421,1987483641,KK သံသရႊင္း,0,0,0,0,5,8,2019-06-04 02:05:25,2019-06-04 02:05:25
422,1919083548,KK ၃မွုးငယ္နိုင္,1200,0,2000,1,5,8,2019-06-04 02:07:16,2019-07-02 06:22:48
423,1322732260,KK ၅မွုးငယ္နိုင္,0,0,0,0,5,8,2019-06-04 02:07:43,2019-06-04 02:07:43
424,1584096855,KK ၆မွုးငယ္နိုင္,1800,0,2500,2,5,8,2019-06-04 02:08:39,2019-08-03 05:37:08
425,1878050528,KK သံလွ်က္,0,0,0,0,5,8,2019-06-04 02:11:20,2019-06-04 02:11:20
426,1811728122,PPo စည္းတိတ္အ ေသး,100,0,200,9,5,6,2019-06-04 13:23:19,2019-07-04 07:18:29
427,1169887909,PPo စည္းတိတ္အၾကီး,0,0,0,0,5,6,2019-06-04 13:24:01,2019-06-09 04:43:34
428,1634761687,KC ဝိုင္ျပားစိမ္း14,2500,0,3000,3,5,8,2019-06-04 14:00:39,2019-07-02 06:04:19
429,1910145076,KC ဝိုင္ျပားစိမ္း4,180,0,250,64,5,8,2019-06-04 14:01:19,2019-07-10 11:13:15
430,2061295808,KC ပန္းေကာ္ပဘ္,380,0,500,17,5,8,2019-06-04 14:03:15,2019-07-08 10:05:55
431,2105214473,KC ေရႊေကာ္ပဘ္s,4200,0,5000,2,5,8,2019-06-04 15:32:31,2019-07-02 06:19:26
432,1771105424,KC ေင ြ ေကာ္ပတ္s,2500,0,3000,1,5,8,2019-06-04 15:36:13,2019-07-02 06:17:06
436,1999314375,TT နန္လံုုုုုုုုုုုုုုုုုုုုုုုုုုုုုုးၾကီး,2000,0,2500,14,5,4,2019-06-04 15:44:45,2019-08-21 02:53:05
437,1669200043,TT နန္လံုုုုုုုုုုုုုုုုုုုုုုုုုုုုုုးေသးး,200,0,250,75,5,4,2019-06-04 15:45:47,2019-08-03 04:41:02
438,1479046976,KC ေလပစ္စံ6x4,5,0,10,312,5,8,2019-06-04 15:48:49,2019-08-21 03:22:09
439,1560222592,KC ေလပစ္စံ8x12,10,0,20,111,5,8,2019-06-04 15:49:20,2019-06-29 09:31:36
440,1761506947,KC ေဘာက္ဂ်ိတ္,160,0,300,81,5,8,2019-06-04 15:50:44,2019-06-28 09:04:45
441,1595965457,KC ေဘာက္ဂ်ိတ္စတီး,266,0,500,22,5,8,2019-06-04 15:51:10,2019-07-30 07:18:05
442,1918836143,KC ပတ္တာtnk2,183,0,300,48,5,8,2019-06-04 15:53:57,2019-08-03 06:16:49
443,2047571459,KC ပတ္တာtnk21/2,0,0,0,0,5,8,2019-06-04 15:54:23,2019-06-04 15:54:23
444,1537752146,KC ပတ္တာtnk3,233,0,400,48,5,7,2019-06-04 15:54:41,2019-08-03 06:14:46
446,1408228740,KC ပတ္တာtnk31/2,308,0,500,60,5,8,2019-06-04 15:55:35,2019-08-21 04:46:20
447,1788811394,KC ပတ္တာtnk4,383,0,600,0,5,8,2019-06-04 15:55:53,2019-07-17 07:03:05
448,1988398747,KC ဂ်လက္osaka2,170,0,250,30,5,8,2019-06-04 15:57:19,2019-06-28 08:58:01
449,1630271283,KC ဂ်လက္osaka3,270,0,350,1,5,8,2019-06-04 15:57:36,2019-06-28 08:58:38
450,2040651771,KC ဂ်လက္osaka4,370,0,450,7,5,7,2019-06-04 15:57:53,2019-07-30 07:18:05
451,1338101453,KC ဂ်လက္osaka5,420,0,550,41,5,7,2019-06-04 15:58:09,2019-06-28 08:59:40
452,1600461910,KC ဂ်လက္osaka6,500,0,650,34,5,8,2019-06-04 15:58:25,2019-06-28 09:00:16
453,1678889448,KC ဂ်လက္osaka8,650,0,850,20,5,8,2019-06-04 15:58:42,2019-08-21 02:53:05
454,1767320487,KC ဂ်လက္bs3,0,0,0,0,5,8,2019-06-04 16:00:12,2019-06-04 16:00:12
455,2112165821,KC ဂ်လက္bs4,192,0,400,14,5,7,2019-06-04 16:00:28,2019-08-21 04:46:20
456,2116193303,KC ဂ်လက္bs5,216,0,500,83,5,8,2019-06-04 16:00:45,2019-06-28 08:55:02
457,1683406346,KC ဂ်လက္bs6,216,0,600,19,5,7,2019-06-04 16:01:01,2019-07-17 07:03:05
458,1694833896,KC ေျမာက္လက္၃ ေခါက္,500,0,700,0,5,6,2019-06-04 16:03:24,2019-07-17 07:03:05
459,1236761010,KC ေျမာက္လက္95mm,550,0,700,0,5,8,2019-06-04 16:03:49,2019-07-06 10:32:57
460,1355851100,KC ေျမာက္လက္75mm,400,0,500,41,5,8,2019-06-04 16:04:06,2019-06-28 09:18:09
461,2133411250,KC ေျမာက္လက္55mm,300,0,400,20,5,8,2019-06-04 16:05:06,2019-06-28 09:17:03
462,1147280800,KK စကူဒရုိင္ဘာ,0,0,0,0,5,8,2019-06-04 16:07:20,2019-06-04 16:07:20
463,1498079563,KC အျပင္ေဒါင့္2,120,0,200,47,5,8,2019-06-04 16:08:35,2019-06-28 09:22:23
464,1572163286,KC အျပင္ေဒါင့္3,200,0,300,23,5,8,2019-06-04 16:08:53,2019-06-28 09:21:33
465,1961980999,KC အျပင္ေဒါင့္4,250,0,400,130,5,8,2019-06-04 16:09:07,2019-06-28 09:20:58
466,1426612711,KC အတငြ္းေဒါင့္2,100,0,200,9,5,8,2019-06-04 16:11:27,2019-06-28 09:24:06
467,1402681698,KC အတငြ္းေဒါင့္3,200,0,300,16,5,8,2019-06-04 16:11:41,2019-06-28 09:24:39
468,2109042420,KC အတငြ္းေဒါင့္4,300,0,400,20,5,8,2019-06-04 16:11:57,2019-06-28 09:25:20
469,1357456889,KC လက္ကိုင္ကငြ္းညိဳ4,0,0,0,0,5,7,2019-06-04 16:13:45,2019-06-04 16:13:45
470,1681763574,KC လက္ကိုင္ကငြ္းညိဳ5,320,0,500,4,5,8,2019-06-04 16:14:01,2019-08-03 03:58:27
471,2047806561,KC လက္ကိုင္ကငြ္းညိဳ6,400,0,600,9,5,8,2019-06-04 16:14:16,2019-06-28 09:06:52
472,1284894023,KC လက္ကိုင္ကငြ္း4,200,0,300,10,4,8,2019-06-04 16:14:41,2019-07-15 04:31:32
473,2081924336,KC လက္ကိုင္ကငြ္း5,300,0,400,8,5,8,2019-06-04 16:15:01,2019-06-28 09:11:19
474,1569230546,KC လက္ကိုင္ကငြ္း6,360,0,500,41,5,8,2019-06-04 16:15:18,2019-06-28 09:10:00
475,1167499930,KC ဂလန့္6,0,0,0,0,5,8,2019-06-04 16:16:53,2019-06-04 16:16:53
476,2091817652,KC ဂလန့္8,0,0,0,0,5,8,2019-06-04 16:17:15,2019-06-04 16:17:15
477,1297609944,KC ဂလန့္1 ေပ,0,0,0,0,5,8,2019-06-04 16:17:50,2019-06-04 16:17:50
478,1115757854,KC က်င္တြယ္1,800,0,450,5,5,8,2019-06-05 13:14:31,2019-07-02 04:47:41
479,1403703543,KC က်င္တြယ္11/2,1500,0,1800,26,5,8,2019-06-05 13:14:47,2019-07-02 04:46:45
480,1172440044,KC က်င္တြယ္၂ေပ,2200,0,2500,25,5,8,2019-06-05 13:15:00,2019-07-02 04:44:37
481,2113402849,KC အာလိန္,50,0,80,96,5,8,2019-06-05 13:15:55,2019-07-02 06:18:16
482,1722904559,KC ဂ်ာလီ,1200,0,1500,5,5,8,2019-06-05 13:16:50,2019-07-02 06:02:16
483,1636049032,KCb8 အုပ္သံ3/4,5,0,10,704,5,8,2019-06-05 13:18:49,2019-07-28 07:03:33
484,1813605810,KCb7 အုပ္သံ1,5,0,10,169,5,8,2019-06-05 13:19:03,2019-08-03 05:51:40
485,2095516250,KCb6 အုပ္သံ11/4,8,0,15,482,5,8,2019-06-05 13:19:30,2019-07-02 04:08:28
486,1169417905,KCb5 အုပ္သံ11/2,7,0,15,135,5,8,2019-06-05 13:19:44,2019-07-11 10:17:29
487,1338338567,KCb4 အုပ္သံ2,10,0,20,95,5,8,2019-06-05 13:20:05,2019-07-11 10:17:29
488,1184645407,KCb3 အုပ္သံ21/2,12,0,25,-5,5,8,2019-06-05 13:20:24,2019-08-03 04:16:54
489,1817513806,KCb2 အုပ္သံ3,0,0,0,0,5,8,2019-06-05 13:20:42,2019-07-02 04:06:43
490,1206244458,KCb1 အုပ္သံ31/2,15,0,35,16,5,8,2019-06-05 13:21:06,2019-07-02 04:06:18
491,1598482050,KCb0 အုပ္သံ4,0,0,0,0,5,8,2019-06-05 13:21:21,2019-07-02 04:05:43
492,1340878094,KCa8  ရိုက္သံ3/4,250,0,300,19,5,8,2019-06-05 13:23:38,2019-07-17 07:05:08
493,1571137754,KCa7  ရိုက္သံ1,250,0,300,116,5,8,2019-06-05 13:23:58,2019-08-20 05:01:08
494,1849980423,KCa6  ရိုက္သံ11/4,240,0,300,11,8,8,2019-06-05 13:24:20,2019-08-03 06:01:39
495,1543146233,KCa5  ရိုက္သံ11/2,230,0,300,30,5,8,2019-06-05 13:24:42,2019-08-20 05:01:08
496,1950078734,KCa4  ရိုက္သံ2,180,0,250,67,8,8,2019-06-05 13:25:06,2019-08-20 05:01:08
497,2130048264,KCa3  ရိုက္သံ21/2,52,0,250,108,5,8,2019-06-05 13:25:44,2019-08-20 05:03:36
498,1497189388,KCa2  ရိုက္သံ3,180,0,250,85,8,8,2019-06-05 13:26:02,2019-08-03 06:05:37
499,1848711893,KCa1 ရိုက္သံ31/2,180,0,250,91,5,8,2019-06-05 13:26:36,2019-08-03 06:06:25
500,1238852384,KCa0 ရိုက္သံ4,180,0,250,91,8,8,2019-06-05 13:26:51,2019-08-03 06:07:13
501,1937326362,KCm ၃မႈးမႈလီ1,60,0,100,75,5,8,2019-06-05 14:26:36,2019-07-02 05:07:12
502,1778180336,KCm ၃မႈးမႈလီ2,90,0,130,1,5,8,2019-06-05 14:26:52,2019-07-02 05:06:17
503,1538333127,KCm ၃မႈးမႈလီ3,120,0,160,39,5,8,2019-06-05 14:27:19,2019-07-02 05:05:30
504,1421754011,KCm ၃မႈးမႈလီ4,130,0,190,2,5,8,2019-06-05 14:27:35,2019-08-03 05:47:24
505,1565236150,KCm ၃မႈးမႈလီ5,170,0,220,25,5,8,2019-06-05 14:27:57,2019-08-03 05:46:37
506,1322584483,KCm ၃မႈးမႈလီ6,200,0,250,39,5,8,2019-06-05 14:28:12,2019-07-02 05:02:48
507,1484829325,KCm ၃မႈးမႈလီ7,230,0,280,62,5,7,2019-06-05 14:28:36,2019-08-03 05:45:29
508,1939195390,KCm ၃မႈးမႈလီ8,270,0,310,1,5,8,2019-06-05 14:28:55,2019-08-03 05:44:23
509,1821931231,KCm ၃မႈးဝါရွာ,10,0,20,2,5,8,2019-06-05 14:30:09,2019-08-03 05:43:12
510,1675162097,KCa သြပ္သံဝါရွာ,200,0,300,53,5,8,2019-06-05 14:31:56,2019-08-09 02:47:08
511,1263586788,KCm ၅မႈးဝါရွာ,11,0,25,311,5,8,2019-06-05 14:32:47,2019-07-12 09:25:28
513,1643867928,KCm ၅မႈးမႈလီ1,100,0,140,114,5,8,2019-06-05 14:33:45,2019-08-03 05:41:08
514,1989640310,KCm ၅မႈးမႈလီ2,120,0,170,27,5,8,2019-06-05 14:34:16,2019-07-02 04:58:40
515,1281943781,KCm ၅မႈးမႈလီ3,160,0,200,1,5,8,2019-06-05 14:34:38,2019-07-02 04:57:55
516,1818202988,KCm ၅မႈးမႈလီ4,190,0,230,7,5,8,2019-06-05 14:34:53,2019-07-12 09:25:28
517,1225444127,KCm ၅မႈးမႈလီ5,200,0,250,0,5,8,2019-06-05 14:35:59,2019-07-02 04:56:18
518,1305069675,KCm ၅မႈးမႈလီ6,240,0,280,13,5,8,2019-06-05 14:36:16,2019-08-03 05:40:03
519,1916493131,KCm ၅မႈးမႈလီ7,270,0,310,6,5,8,2019-06-05 14:36:31,2019-07-02 04:55:02
520,1204738401,KCm ၅မႈးမႈလီ8,300,0,340,57,5,8,2019-06-05 14:36:48,2019-08-03 05:38:53
521,1985747601,KC သံေဖာက္ဆူး2.5,130,0,200,20,5,8,2019-06-05 14:40:29,2019-06-28 08:32:05
522,2009807970,KC သံေဖာက္ဆူ3,140,0,250,26,5,7,2019-06-05 14:40:43,2019-06-28 08:30:12
523,1639941732,KC သံေဖာက္ဆူ3.5,150,0,250,19,5,8,2019-06-05 14:41:12,2019-07-23 07:31:07
524,1762464363,KC သံေဖာက္ဆူ4,180,0,300,20,5,8,2019-06-05 14:41:28,2019-06-28 08:32:44
525,2037925175,KC သံေဖာက္ဆူ4.5,180,0,350,12,5,8,2019-06-05 14:41:49,2019-06-28 08:33:25
526,1575448541,KC သံေဖာက္ဆူ5,270,0,400,8,5,8,2019-06-05 14:42:33,2019-06-28 08:34:19
527,1251371549,KC သံေဖာက္ဆူ5.5,0,0,0,0,5,7,2019-06-05 14:42:51,2019-06-05 14:42:51
528,1734724680,KC သံေဖာက္ဆူ6,0,0,0,0,5,8,2019-06-05 14:43:05,2019-06-05 14:43:05
529,1575232115,KC သံေဖာက္ဆူ6.5,0,0,0,0,5,8,2019-06-05 14:43:21,2019-06-05 14:43:21
530,1290929505,KC သံေဖာက္ဆူ7,0,0,0,0,5,8,2019-06-05 14:43:42,2019-06-05 14:43:42
531,1929365603,KC သံေဖာက္ဆူ7.5,400,0,600,3,5,8,2019-06-05 14:44:03,2019-06-28 08:35:07
532,2142750791,KC သံေဖာက္ဆူ8,800,0,1000,10,5,8,2019-06-05 14:44:18,2019-06-28 08:43:23
533,1150992272,KC သံေဖာက္ဆူ8.5,0,0,0,0,5,8,2019-06-05 15:00:19,2019-06-05 15:00:19
534,1640397241,KC သံေဖာက္ဆူ9,0,0,0,0,5,8,2019-06-05 15:00:40,2019-06-05 15:00:40
536,1938186189,KC သံေဖာက္ဆူ9.5,0,0,0,0,5,8,2019-06-05 15:01:26,2019-06-05 15:01:26
537,1621056131,KC သံေဖာက္ဆူ10,0,0,0,0,5,8,2019-06-05 15:01:47,2019-06-05 15:01:47
538,2073651288,KC သံေဖာက္ဆူ10.5,0,0,0,0,5,8,2019-06-05 15:02:05,2019-06-05 15:02:05
539,1593687178,KC သံေဖာက္ဆူ11,0,0,0,0,5,7,2019-06-05 15:02:21,2019-06-05 15:02:21
541,1344753908,KC သံေဖာက္ဆူ11.5,0,0,0,0,5,8,2019-06-05 15:03:01,2019-06-05 15:03:01
542,1854323902,KC သံေဖာက္ဆူ12,2100,0,2500,5,5,8,2019-06-05 15:03:23,2019-06-28 08:44:23
543,1876899460,KC သံေဖာက္ဆူ12.5,0,0,0,0,5,7,2019-06-05 15:03:57,2019-06-05 15:03:57
544,1499883758,KC သံေဖာက္ဆူ16,0,0,0,0,5,8,2019-06-05 15:04:19,2019-06-05 15:04:19
545,1975629575,KC သံေဖာက္ဆူ16.5,0,0,0,0,5,8,2019-06-05 15:04:34,2019-06-05 15:04:34
546,1637078029,KC အုပ္ေဖာက္ဆူ6,350,0,500,8,5,8,2019-06-05 15:10:04,2019-07-28 07:03:33
547,1283793717,KC အုပ္ေဖာက္ဆူ7,500,0,500,9,5,7,2019-06-05 15:10:19,2019-06-28 08:45:32
548,2035638504,KC အုပ္ေဖာက္ဆူ8,350,0,500,5,5,8,2019-06-05 15:10:39,2019-06-28 08:46:19
549,1118198387,KC အုပ္ေဖာက္ဆူ10,350,0,500,2,5,8,2019-06-05 15:10:54,2019-06-28 08:46:59
550,1538872535,KC အုပ္ေဖာက္ဆူ12,400,0,600,4,5,8,2019-06-05 15:11:18,2019-06-28 08:47:30
551,1985890323,KC wallplus6,50,0,150,134,5,8,2019-06-05 15:13:21,2019-07-28 07:03:33
552,2065877413,KC wallplus7,70,0,150,42,5,8,2019-06-05 15:13:36,2019-07-02 06:10:34
553,1715202992,KC ေကာ္ေဝါပလပ္8,0,0,0,0,5,8,2019-06-05 15:13:52,2019-06-05 15:13:52
554,1327127378,KC ၃ပဲဝါရွာ,0,0,0,0,5,8,2019-06-05 15:15:00,2019-06-05 15:15:00
555,1369954172,KC ၃ပဲwallplus,50,0,100,283,5,8,2019-06-05 15:15:36,2019-08-03 06:08:35
556,1684259861,KC ၃ပဲဆဲြသီး,0,0,0,0,5,8,2019-06-05 15:16:08,2019-06-05 15:16:08
557,2105664347,KC ၁မတ္ဝါရွာ,0,0,0,0,5,6,2019-06-05 15:16:41,2019-06-05 15:16:41
559,2082622298,KC ၁မတ္wallplus,50,0,100,114,5,8,2019-06-05 15:17:36,2019-07-02 05:51:02
561,1247018012,KC ၅မႈးwallplus,250,0,350,1,5,8,2019-06-05 15:19:02,2019-07-02 05:46:23
563,2115774620,KC ၆မႈးwallplus,300,0,500,15,5,8,2019-06-05 15:20:39,2019-07-02 05:45:12
564,1265875687,PPf0 ပိုက္အတို1/2,0,0,0,0,7,6,2019-06-09 02:56:36,2019-06-09 02:56:36
565,1646920080,PPf1 ပိုက္အတို3/4,95,0,150,33,7,6,2019-06-09 02:58:00,2019-07-04 03:39:13
566,1616479291,PPf2 ပိုက္အတို1,117,0,200,8,7,6,2019-06-09 02:58:32,2019-07-22 01:09:18
567,1684597545,PPf3 ပိုက္အတို11/4,184,0,300,11,7,6,2019-06-09 02:59:04,2019-08-21 03:59:03
568,1882350327,PPf4 ပိုက္အတို11/2,193,0,350,7,7,6,2019-06-09 02:59:48,2019-08-21 02:42:23
569,1533429789,PPf5 ပိုက္အတို2,304,0,400,11,7,6,2019-06-09 03:00:26,2019-07-04 03:34:13
570,1409786723,PPf6 ပိုက္အတို3,0,0,0,0,7,6,2019-06-09 03:00:51,2019-06-09 03:00:51
571,1740164013,PPf7 ပိုက္အတို4,864,0,1000,5,7,6,2019-06-09 03:01:11,2019-08-21 02:42:23
572,1830761365,PPf8 ပိုက္အတို3clas5,0,0,0,0,7,6,2019-06-09 03:06:10,2019-06-09 03:07:12
573,1700643454,PPf9 ပိုက္အတို4clas5,0,0,0,0,7,6,2019-06-09 03:06:58,2019-06-09 03:06:58
574,1457602413,PP rေဆာ့ကက္4x11/2,0,0,0,0,5,6,2019-06-09 04:16:29,2019-06-09 04:16:29
575,1692899393,PPv ဂ်န္နက္3/4,70,0,200,19,5,6,2019-06-09 05:02:43,2019-07-04 08:08:57
576,1962208551,PPw နီပယ္1/2x1/2ေၾကး,500,0,1000,5,5,6,2019-06-09 08:17:12,2019-07-04 08:19:50
577,1180128978,PPw နီပယ္3/4x3/4ေၾကး,500,0,1000,5,5,6,2019-06-09 08:18:01,2019-07-04 08:20:17
578,1568199508,PPw နီပယ္1x1pvc,180,0,300,1,5,6,2019-06-09 08:18:47,2019-07-04 08:21:33
579,1609433337,PPw နီပယ္1x3/4pvc,180,0,300,1,5,6,2019-06-09 08:19:43,2019-07-04 08:23:29
580,1425876223,PPw နီပယ္1x1/2ေၾကး,470,0,1000,0,5,6,2019-06-09 08:20:11,2019-06-16 06:53:30
581,1463887133,PPw နီပယ္3/4x1/2ေၾကး,470,0,1000,2,5,6,2019-06-09 08:20:52,2019-07-15 04:31:32
582,1584281863,PPw ဘူရွင္1x3/4,201,0,300,15,5,6,2019-06-09 08:23:16,2019-07-04 08:23:54
583,1944984408,PPw ဘူရွင္1x1/2,201,0,300,0,5,6,2019-06-09 08:24:37,2019-06-16 06:43:48
584,1774228597,PPw ဘူရွင္3/4x1/2,106,0,300,5,5,6,2019-06-09 08:29:01,2019-07-04 08:24:29
585,1111sr1,ZZj6 ဆန္းရွိတ္အနီ ၆ေပ,4500,0,5400,4,5,5,2019-06-26 04:13:10,2019-08-01 05:35:24
586,1111sk1,ZZj7 ဆန္းရွိတ္ဂိုင္ 6 ေပ,4500,0,5400,1,5,5,2019-06-28 04:15:25,2019-08-01 05:31:57
587,1364164184,FF ေဖာ္ေမကာ030,7000,0,8500,5,4,2,2019-06-28 04:50:48,2019-06-28 04:50:48
588,1333988499,QQ  ေၾကႊျပား2x2အမဲ,4000,0,5500,1,5,7,2019-06-28 05:09:15,2019-07-08 10:05:55
589,1901148485,KC စကူအရစ္စိပ္2ဘူး,5200,0,6500,1,5,8,2019-06-29 08:51:01,2019-06-29 08:51:01
590,1843261214,KCa9 သြပ္သံ၂,240,0,300,40,5,8,2019-07-02 03:53:56,2019-08-09 02:47:08
591,1721040437,QQ ေကာ္နာေခ်ာင္း one way,240,0,400,0,5,7,2019-07-02 05:16:51,2019-07-22 07:55:07
592,1765562311,QQ ေကာ္နာေခ်ာင္း two way,420,0,600,10,5,7,2019-07-02 05:17:33,2019-07-02 05:17:33
593,2042331077,KC ၃မႈးးရုိက္သီး,120,0,200,32,5,8,2019-07-02 05:54:17,2019-07-02 05:54:17
594,1949848855,KK ဖယ္,600,0,1000,3,5,8,2019-07-02 06:44:35,2019-07-02 09:51:17
595,1833714597,KK ေရခ်ိန္ပိုက္,30,0,50,100,5,8,2019-07-02 06:51:35,2019-07-02 06:51:35
596,1876663330,PPc4 တီ11/2ထူ,552,0,700,5,5,6,2019-07-02 07:58:14,2019-07-02 07:58:14
597,1627968986,PPc3 တီ11/4ထူ,382,0,600,3,5,6,2019-07-02 08:01:25,2019-07-02 08:01:25
598,1318203940,PPa3 ၉၀အဲလ္ဘို11/4အထူ,313,0,500,1,5,6,2019-07-02 08:30:17,2019-07-02 08:30:17
599,1991019704,PP yတီ,800,0,1200,3,5,6,2019-07-02 08:42:30,2019-07-02 08:42:30
600,1914623629,PPd5 ေဆာ့ကက္2ပါး,174,0,400,8,5,6,2019-07-04 03:13:27,2019-07-04 03:13:27
601,1503831240,PPd4 ေဆာ့ကက္11/2ပါး,135,0,300,5,5,6,2019-07-04 03:15:25,2019-07-04 03:15:25
603,2059456606,PPd3 ေဆာ့ကက္11/4ပါး,125,0,300,5,5,6,2019-07-04 03:20:04,2019-07-04 03:20:04
604,2049595707,PPg0 ေရဒေယာက္4,8800,0,10000,4,5,6,2019-07-04 03:57:19,2019-07-28 07:03:33
605,1120516879,PPg0 ေရဒေယာက္5,10500,0,12000,12,5,6,2019-07-04 03:58:09,2019-07-04 03:58:09
606,2103363932,PPm6 ဆယ္ဒဲ3သံ,500,0,1000,20,5,6,2019-07-04 06:43:54,2019-07-04 06:43:54
607,1149492120,PPs ပိုက္ေပ်ာ့1,17500,0,20000,6,5,6,2019-07-04 07:42:30,2019-07-04 07:42:30
608,2045453325,PPv ပိုက္cap3,1100,0,2000,2,5,6,2019-07-04 08:06:25,2019-07-04 08:06:25
609,1854209702,PPv ပိုက္cap4,2000,0,3000,2,5,6,2019-07-04 08:07:08,2019-07-04 08:07:08
610,1975909601,PPv ဂ်န္နက္1,80,0,300,10,5,6,2019-07-04 08:09:34,2019-07-04 08:09:34
611,1316098944,PPw ဝါရွာ3/4,50,0,100,10,5,6,2019-07-04 08:12:48,2019-07-04 08:12:48
612,1948491251,PPw ဝါရွာ1,50,0,100,10,5,6,2019-07-04 08:18:00,2019-07-04 08:18:00
613,1252897338,PPw နီပယ္3/4x3/4pvc,180,0,300,1,5,6,2019-07-04 08:22:31,2019-07-04 08:22:31
614,1285602126,PPx ေနာ္ဇယ္3/4,100,0,200,20,5,6,2019-07-04 08:26:25,2019-07-04 08:26:25
615,1140752134,PPx ေနာ္ဇယ္1,100,0,200,20,5,6,2019-07-04 08:26:49,2019-07-04 08:26:49
616,1434223736,PPx ဘား ေနာ္ဇယ္1,100,0,200,10,5,6,2019-07-04 08:28:28,2019-07-04 08:28:28
617,1532564796,PPx ဘား ေနာ္ဇယ္3/4,100,0,200,10,5,6,2019-07-04 08:28:59,2019-08-03 04:51:19
618,1563072561,PPx ဘား ေနာ္ဇယ္1/2,100,0,200,3,5,6,2019-07-04 08:29:35,2019-07-04 08:29:35
619,1632257431,PPx ဘား ေနာ္ဇယ္3/4x1,100,0,200,1,5,6,2019-07-04 08:31:52,2019-07-04 08:31:52
620,1754194046,PPz aircap4,500,0,800,5,5,6,2019-07-04 08:37:02,2019-07-04 08:37:02
621,2070359884,PPz aircap3,450,0,700,5,5,6,2019-07-04 08:38:06,2019-07-04 08:38:06
622,1324288140,PPz aircap2,300,0,500,5,5,6,2019-07-04 08:39:40,2019-07-04 08:39:40
623,1868111519,KK  ပတ္တီးျပားအေသး,150,0,300,15,5,8,2019-07-05 05:04:50,2019-07-05 05:04:50
624,1231897327,KK  ပတ္တီးျပားအၾကီး,300,0,500,11,5,8,2019-07-05 05:05:34,2019-07-05 05:19:19
625,2070096403,OO toaေဆးပံု ၅ဂါလံ,32000,0,38000,0,5,9,2019-07-05 05:16:11,2019-07-05 05:19:19
626,1238544531,OO ေရေဆးroller,1300,0,1500,0,5,9,2019-07-05 05:17:40,2019-07-05 05:19:19
627,1195545176,OO 8x1ေၾကြျပား,240,0,280,0,5,7,2019-07-05 06:22:33,2019-07-05 06:27:56
628,2146162983,OO သြပ္,3700,0,4000,0,5,5,2019-07-08 05:24:11,2019-07-08 05:32:28
629,1196924933,FF tတို,300,0,500,33,5,2,2019-07-08 09:57:09,2019-07-09 04:19:20
630,1980286909,FF tရွည္,1200,0,1500,12,5,2,2019-07-08 10:00:18,2019-07-28 05:57:00
631,1352164544,FF lဘား,700,0,1000,7,5,2,2019-07-08 10:01:08,2019-07-23 06:25:10
632,1717081425,FF နန္းလံုး,500,0,700,8,5,2,2019-07-08 10:02:59,2019-07-08 10:02:59
633,1426123176,FF မ်က္နွာက်က္ကလစ္,200,0,300,30,5,2,2019-07-08 10:04:27,2019-07-08 10:04:27
634,2002213781,OO pvcတံခါး,65520,0,80000,0,5,7,2019-07-10 11:06:58,2019-07-10 11:08:04
635,2028142338,BB ဗမာထိုင္ေကာ္,1600,0,2000,5,5,7,2019-07-11 04:24:33,2019-08-03 06:40:23
636,1852602873,BB ဗမာထိုင္ေကာ္ပိုက္၃ေပ,480,0,700,2,5,7,2019-07-11 04:26:27,2019-08-03 06:39:46
637,2005748794,BB ဗမာထိုင္ေကာ္ပိုက္၄ေပ,680,0,1000,3,5,7,2019-07-11 04:27:31,2019-08-03 06:39:12
638,1621594830,OO ၈ေပ,7860,0,9600,0,5,5,2019-07-14 09:15:59,2019-07-14 09:18:53
639,1906051585,OO ၂ေပ,650,0,900,0,5,5,2019-07-14 09:16:43,2019-07-14 09:18:53
640,1320348366,OO သြပ္,600,0,900,0,5,5,2019-07-14 09:17:37,2019-07-14 09:18:53
641,1703139560,II 11/2c channel,900,0,1400,10,3,1,2019-07-23 06:36:07,2019-07-23 06:38:54
642,1234107392,ABCDEF,4000,0,4500,20,3,1,2019-10-02 08:36:29,2019-10-02 08:36:29
